Date,BET,FX
2/1/2006,8340.68,3.6142
2/2/2006,8225.77,3.6092
2/3/2006,8282.97,3.6076
2/6/2006,8275.65,3.5962
2/7/2006,8484.3,3.5846
2/8/2006,8334.04,3.5808
2/9/2006,8350.53,3.5428
2/10/2006,8408.9,3.5368
2/13/2006,8372.65,3.5272
2/14/2006,8117.01,3.5325
2/15/2006,8121.19,3.5285
2/16/2006,8232.52,3.5212
2/17/2006,8200.94,3.5084
2/20/2006,8151.26,3.5046
2/21/2006,7956.96,3.496
2/22/2006,8038.88,3.5007
2/23/2006,8015.04,3.5069
2/24/2006,7977.57,3.506
2/27/2006,7994.98,3.4998
2/28/2006,8192.51,3.4726
3/1/2006,8112.82,3.4747
3/2/2006,7855.2,3.4765
3/3/2006,7951.09,3.4805
3/6/2006,7958.05,3.4795
3/7/2006,7899.6,3.4882
3/8/2006,7904.15,3.4969
3/9/2006,7650.82,3.4963
3/10/2006,7557.1,3.5076
3/13/2006,7615.23,3.5117
3/14/2006,7411.24,3.54
3/15/2006,7410.08,3.5196
3/16/2006,7558.82,3.5142
3/17/2006,7467.86,3.5084
3/20/2006,7529.85,3.5077
3/21/2006,7612.45,3.5132
3/22/2006,7621.84,3.5276
3/23/2006,7576.48,3.509
3/24/2006,7613.47,3.5104
3/27/2006,7671.36,3.5064
3/28/2006,7656.4,3.523
3/29/2006,7586.96,3.5282
3/30/2006,7509.74,3.5183
3/31/2006,7499.25,3.5225
4/3/2006,7511.45,3.5134
4/4/2006,7380.91,3.5185
4/5/2006,7313.2,3.5198
4/6/2006,7175.83,3.5145
4/7/2006,7316.71,3.5068
4/10/2006,7421.3,3.4997
4/11/2006,7588.36,3.4935
4/12/2006,7572.71,3.4872
4/13/2006,7440.68,3.4935
4/17/2006,7507.75,3.492
4/18/2006,7495.4,3.4833
4/19/2006,7444.05,3.4818
4/20/2006,7444.65,3.4814
4/21/2006,7461.69,3.4636
4/25/2006,7493.44,3.4578
4/26/2006,7495.51,3.475
4/27/2006,7491.53,3.4761
4/28/2006,7550.88,3.4783
5/2/2006,7506.52,3.4788
5/3/2006,7437.84,3.466
5/4/2006,7373.88,3.4674
5/5/2006,7402.93,3.4678
5/8/2006,7454.54,3.4645
5/9/2006,7368.31,3.4658
5/10/2006,7369.71,3.4648
5/11/2006,7395.47,3.4646
5/12/2006,7430.5,3.4872
5/15/2006,7305,3.5559
5/16/2006,7235.76,3.5131
5/17/2006,7271.66,3.5126
5/18/2006,7144.78,3.5367
5/19/2006,7148.5,3.526
5/22/2006,6990.41,3.5553
5/23/2006,6615.25,3.5445
5/24/2006,6814.34,3.5552
5/25/2006,6865.22,3.542
5/26/2006,7184.57,3.5162
5/29/2006,7143.98,3.518
5/30/2006,7029.64,3.5282
5/31/2006,7058.94,3.5358
6/1/2006,6981.01,3.5287
6/2/2006,7101.91,3.514
6/5/2006,7078.23,3.5242
6/6/2006,7073.66,3.5209
6/7/2006,7024.99,3.5156
6/8/2006,6919.12,3.5185
6/9/2006,6877.08,3.5155
6/12/2006,6725.21,3.5264
6/13/2006,6721.84,3.5365
6/14/2006,6679.73,3.525
6/15/2006,6599.02,3.5255
6/16/2006,6632.76,3.5228
6/19/2006,6726.36,3.5271
6/20/2006,6691.82,3.5243
6/21/2006,6652.01,3.5902
6/22/2006,6630.4,3.5899
6/23/2006,6685.85,3.6424
6/26/2006,6552.03,3.6183
6/27/2006,6437.93,3.5977
6/28/2006,6603.87,3.5842
6/29/2006,6801.09,3.5861
6/30/2006,7056.23,3.5815
7/3/2006,7243.39,3.5655
7/4/2006,7434.13,3.5593
7/5/2006,7286.41,3.5804
7/6/2006,7401.2,3.5917
7/7/2006,7552.57,3.5828
7/10/2006,7534.34,3.5873
7/11/2006,7464.37,3.5645
7/12/2006,7500.13,3.5734
7/13/2006,7481.24,3.586
7/14/2006,7335.13,3.5937
7/17/2006,7491.92,3.5977
7/18/2006,7653.91,3.5843
7/19/2006,7501.64,3.591
7/20/2006,7557.43,3.5669
7/21/2006,7490.98,3.5777
7/24/2006,7517.79,3.5612
7/25/2006,7627.4,3.5468
7/26/2006,7627.4,3.5422
7/27/2006,7766.99,3.5476
7/28/2006,7772.24,3.5471
7/31/2006,7701.87,3.5444
8/1/2006,7668.38,3.5488
8/2/2006,7626.4,3.5384
8/3/2006,7610.32,3.5345
8/4/2006,7590.15,3.519
8/7/2006,7533.96,3.5144
8/8/2006,7633.85,3.5205
8/9/2006,7787.89,3.5134
8/10/2006,7856.37,3.5166
8/11/2006,7783.54,3.5242
8/14/2006,7800.04,3.5325
8/16/2006,7840.4,3.5217
8/17/2006,7774.82,3.5195
8/18/2006,7755.78,3.5258
8/21/2006,7746.27,3.5269
8/22/2006,7731.43,3.5275
8/23/2006,7667.47,3.5296
8/24/2006,7638.67,3.5326
8/25/2006,7639.55,3.5269
8/28/2006,7598.11,3.515
8/29/2006,7598.11,3.5275
8/30/2006,7701.13,3.5342
8/31/2006,7684.61,3.5291
9/1/2006,7672.37,3.5268
9/4/2006,7703.33,3.5267
9/5/2006,7711.24,3.5257
9/6/2006,7651.58,3.5205
9/7/2006,7652.15,3.5234
9/8/2006,7719.21,3.5207
9/11/2006,7678.86,3.5143
9/12/2006,7650.09,3.5153
9/13/2006,7647.71,3.5025
9/14/2006,7630.62,3.5027
9/15/2006,7805.18,3.4976
9/18/2006,7715.68,3.5236
9/19/2006,7825.33,3.5306
9/20/2006,7839.78,3.5317
9/21/2006,7830.04,3.5287
9/22/2006,7803.12,3.5616
9/25/2006,7876.65,3.5489
9/26/2006,7861.16,3.5403
9/27/2006,7859.07,3.5389
9/28/2006,7927.88,3.5413
9/29/2006,7952.84,3.5371
10/2/2006,8111.59,3.537
10/3/2006,8251.23,3.5306
10/4/2006,8416.25,3.536
10/5/2006,8367.32,3.5321
10/6/2006,8323.84,3.5201
10/9/2006,8328.13,3.5083
10/10/2006,8332.34,3.5115
10/11/2006,8275.44,3.5053
10/12/2006,8299.52,3.5055
10/13/2006,8280.1,3.4986
10/16/2006,8388.35,3.5022
10/17/2006,8470.78,3.5129
10/18/2006,8386.04,3.5209
10/19/2006,8434.38,3.5153
10/20/2006,8389.16,3.5136
10/23/2006,8440.63,3.534
10/24/2006,8440.8,3.5326
10/25/2006,8488.12,3.5172
10/26/2006,8445.67,3.5075
10/27/2006,8313.4,3.5202
10/30/2006,8323.55,3.5252
10/31/2006,8464.54,3.5178
11/1/2006,8442.9,3.5137
11/2/2006,8381.57,3.521
11/3/2006,8331.32,3.52
11/6/2006,8322.03,3.5163
11/7/2006,8208.79,3.5097
11/8/2006,7957.64,3.5115
11/9/2006,8141.83,3.5068
11/10/2006,8211.48,3.5094
11/13/2006,8103.14,3.5088
11/14/2006,8057.04,3.5012
11/15/2006,7981.92,3.4955
11/16/2006,7852.77,3.4881
11/17/2006,7966.43,3.4918
11/20/2006,8021.76,3.493
11/21/2006,7954.45,3.4891
11/22/2006,7918.38,3.4989
11/23/2006,7891.33,3.4876
11/24/2006,7912.3,3.4876
11/27/2006,8062.62,3.4686
11/28/2006,8007.86,3.4701
11/29/2006,7938.11,3.4587
11/30/2006,8047.98,3.4276
12/4/2006,7907.89,3.4368
12/5/2006,7919.21,3.4369
12/6/2006,7989.81,3.4362
12/7/2006,8107.2,3.4278
12/8/2006,8071.36,3.4301
12/11/2006,8120.06,3.4325
12/12/2006,7980.24,3.4286
12/13/2006,7991.1,3.4234
12/14/2006,8034.8,3.427
12/15/2006,7926.33,3.4275
12/18/2006,7871.67,3.4241
12/19/2006,8050.18,3.4195
1/3/2007,8449.36,3.3588
1/4/2007,8421.43,3.3813
1/5/2007,8625.05,3.3784
1/8/2007,8623.76,3.3862
1/9/2007,8558.18,3.3861
1/10/2007,8388.4,3.4116
1/11/2007,8484.49,3.3996
1/12/2007,8540.48,3.4028
1/15/2007,8558.8,3.3918
1/16/2007,8511.36,3.3924
1/17/2007,8509.54,3.3957
1/18/2007,8400.49,3.3884
1/19/2007,8317.7,3.3818
1/22/2007,8416.51,3.3741
1/23/2007,8558.52,3.3974
1/24/2007,8637.59,3.3935
1/25/2007,8601.65,3.4034
1/26/2007,8555.3,3.4103
1/29/2007,8620.29,3.4087
1/30/2007,8649.99,3.4102
1/31/2007,8755.03,3.4051
2/1/2007,8784.52,3.3864
2/2/2007,8975.23,3.3859
2/5/2007,8934.17,3.3798
2/6/2007,8834.36,3.3677
2/7/2007,8816.32,3.3678
2/8/2007,8925.68,3.3792
2/9/2007,8967.68,3.3803
2/12/2007,9016.1,3.3962
2/13/2007,8811.25,3.3916
2/14/2007,8925.39,3.3865
2/15/2007,8905,3.3787
2/16/2007,8852.14,3.378
2/19/2007,8843.23,3.376
2/20/2007,8762.95,3.3804
2/21/2007,8822.29,3.3811
2/22/2007,8848.5,3.3798
2/23/2007,8945.47,3.3754
2/26/2007,8905.39,3.3772
2/27/2007,9085.99,3.3873
2/28/2007,8749.46,3.3958
3/1/2007,8766.07,3.3995
3/2/2007,8514.97,3.3913
3/5/2007,8073.33,3.394
3/6/2007,8287.44,3.3856
3/7/2007,8467.23,3.3839
3/8/2007,8533.53,3.375
3/9/2007,8623.14,3.3709
3/12/2007,8622.03,3.3683
3/13/2007,8686.67,3.3734
3/14/2007,8568.15,3.3797
3/15/2007,8609.31,3.3626
3/16/2007,8557.94,3.3581
3/19/2007,8545.96,3.3332
3/20/2007,8596.8,3.3414
3/21/2007,8624.22,3.3544
3/22/2007,8612.11,3.3537
3/23/2007,8694.65,3.3607
3/26/2007,8623.25,3.3625
3/27/2007,8577.17,3.36
3/28/2007,8522.2,3.3681
3/29/2007,8550.33,3.3626
3/30/2007,8547.46,3.3513
4/2/2007,8510.25,3.3475
4/3/2007,8575.05,3.3366
4/4/2007,8544.11,3.3326
4/5/2007,8565.25,3.3348
4/6/2007,8623.75,3.3402
4/10/2007,8614.02,3.3409
4/11/2007,8631.82,3.3384
4/12/2007,8546.62,3.3419
4/13/2007,8563.31,3.3398
4/16/2007,8698.27,3.3319
4/17/2007,8814.96,3.3265
4/18/2007,8698.54,3.3289
4/19/2007,8611.46,3.336
4/20/2007,8691.98,3.3357
4/23/2007,8824.4,3.3376
4/24/2007,8727.56,3.3351
4/25/2007,8733.87,3.3259
4/26/2007,8731.89,3.3044
4/27/2007,8780.96,3.3151
5/2/2007,8697.19,3.3239
5/3/2007,8841.02,3.3053
5/4/2007,8996.8,3.3165
5/7/2007,9034.51,3.3097
5/8/2007,8899.17,3.3056
5/9/2007,8539.76,3.2807
5/10/2007,8533.76,3.2783
5/11/2007,8510.05,3.2798
5/14/2007,8536.52,3.2772
5/15/2007,8508.26,3.2792
5/16/2007,8413.88,3.2759
5/17/2007,8415.59,3.2718
5/18/2007,8490.74,3.2635
5/21/2007,8461.02,3.2625
5/22/2007,8606.09,3.2727
5/23/2007,8640.43,3.2724
5/24/2007,8633.46,3.2747
5/25/2007,8696.96,3.2725
5/28/2007,8710.26,3.2672
5/29/2007,8624.7,3.2699
5/30/2007,8546.75,3.2749
5/31/2007,8663.55,3.2656
6/1/2007,8700.36,3.2637
6/4/2007,8735.91,3.2604
6/5/2007,8770.5,3.2589
6/6/2007,8689.11,3.2661
6/7/2007,8705.11,3.2704
6/8/2007,8662.14,3.2813
6/11/2007,8651.58,3.2673
6/12/2007,8694.1,3.2575
6/13/2007,8645.8,3.2596
6/14/2007,8703.23,3.2427
6/15/2007,8998.53,3.2284
6/18/2007,9177.46,3.2104
6/19/2007,9124.76,3.2185
6/20/2007,9171.94,3.1985
6/21/2007,9130.94,3.1996
6/22/2007,9162.67,3.1725
6/25/2007,9193.97,3.1777
6/26/2007,9408.03,3.1726
6/27/2007,9460.96,3.1691
6/28/2007,9585.97,3.1601
6/29/2007,9665.61,3.1173
7/2/2007,9651.01,3.1127
7/3/2007,9744.9,3.1254
7/4/2007,9990.22,3.1407
7/5/2007,10172.64,3.1251
7/6/2007,10010.02,3.1164
7/9/2007,10053.5,3.1285
7/10/2007,10200.48,3.1354
7/11/2007,10039.44,3.1295
7/12/2007,10128.07,3.136
7/13/2007,10172.6,3.1331
7/16/2007,10359.6,3.1298
7/17/2007,10174.03,3.1275
7/18/2007,10331.98,3.1257
7/19/2007,10455.62,3.1245
7/20/2007,10634.92,3.1336
7/23/2007,10795.4,3.1256
7/24/2007,10813.59,3.1225
7/25/2007,10446.01,3.1296
7/26/2007,10342.04,3.1525
7/27/2007,10054.89,3.1675
7/30/2007,9787.57,3.1654
7/31/2007,10197.47,3.1584
8/1/2007,9908.99,3.1743
8/2/2007,10003.41,3.169
8/3/2007,10081.76,3.1672
8/6/2007,10041.63,3.1793
8/7/2007,10138.67,3.1784
8/8/2007,10290.35,3.1639
8/9/2007,10273.1,3.1795
8/10/2007,10163.03,3.2035
8/13/2007,10103.52,3.1884
8/14/2007,9966.65,3.2065
8/15/2007,9789.96,3.219
8/16/2007,9421.21,3.253
8/17/2007,9237.79,3.2618
8/20/2007,9593.03,3.2567
8/21/2007,9499.1,3.2841
8/22/2007,9730.79,3.2629
8/23/2007,10032.7,3.2565
8/24/2007,9886.48,3.2588
8/27/2007,10091.79,3.2446
8/28/2007,10323.75,3.2515
8/29/2007,10409.71,3.2549
8/30/2007,10345.31,3.2595
8/31/2007,10262.82,3.2645
9/3/2007,10173.68,3.2695
9/4/2007,10209.38,3.3098
9/5/2007,10159.91,3.3233
9/6/2007,10139.4,3.3205
9/7/2007,10129.03,3.3151
9/10/2007,10013.87,3.3115
9/11/2007,9924.19,3.3149
9/12/2007,9953.2,3.3175
9/13/2007,9950.42,3.3349
9/14/2007,9934.8,3.3601
9/17/2007,9936.24,3.3874
9/18/2007,9870.5,3.3819
9/19/2007,10055.85,3.3699
9/20/2007,9972.52,3.4073
9/21/2007,9976.44,3.3875
9/24/2007,9871.22,3.3855
9/25/2007,9659.93,3.391
9/26/2007,9551.98,3.3801
9/27/2007,9497.88,3.3732
9/28/2007,9635.38,3.3408
10/1/2007,9755.92,3.3474
10/2/2007,9952.01,3.3613
10/3/2007,10045.6,3.365
10/4/2007,10132.21,3.3697
10/5/2007,10253.08,3.359
10/8/2007,10416.98,3.3523
10/9/2007,10267.21,3.3562
10/10/2007,10272.18,3.33
10/11/2007,10069.89,3.3297
10/12/2007,10077.73,3.3413
10/15/2007,10167.24,3.3373
10/16/2007,10125.46,3.3492
10/17/2007,10206.23,3.3444
10/18/2007,10115.98,3.3492
10/19/2007,9840.8,3.3763
10/22/2007,9784.45,3.3867
10/23/2007,10246.16,3.3684
10/24/2007,10099.79,3.3552
10/25/2007,10055.77,3.3475
10/26/2007,10002.34,3.3454
10/29/2007,10027.56,3.3404
10/30/2007,9914.7,3.3416
10/31/2007,9950.13,3.3304
11/1/2007,9962.99,3.3414
11/2/2007,9921.68,3.3456
11/5/2007,9743.97,3.3648
11/6/2007,9518.88,3.3775
11/7/2007,9552.41,3.3949
11/8/2007,9447.36,3.405
11/9/2007,9321.43,3.4201
11/12/2007,9064.73,3.4479
11/13/2007,9081.87,3.4601
11/14/2007,9179.44,3.4512
11/15/2007,9199.35,3.4604
11/16/2007,9095.01,3.4863
11/19/2007,9028.14,3.4891
11/20/2007,8846.68,3.4988
11/21/2007,8662.19,3.5484
11/22/2007,8564.73,3.6361
11/23/2007,8733.35,3.6098
11/26/2007,8851.45,3.6005
11/27/2007,8760.66,3.5935
11/28/2007,8547.68,3.5393
11/29/2007,8640.95,3.5365
11/30/2007,8893.36,3.5009
12/3/2007,8922.74,3.502
12/4/2007,8965.22,3.5657
12/5/2007,9140.24,3.5324
12/6/2007,9398.46,3.5204
12/7/2007,9447.73,3.5125
12/10/2007,9432.71,3.519
12/11/2007,9461.11,3.5179
12/12/2007,9374.65,3.5177
12/13/2007,9294.51,3.5245
12/14/2007,9427.96,3.5459
12/17/2007,9306.96,3.5378
12/18/2007,9504.02,3.5385
12/19/2007,9519.86,3.5264
12/20/2007,9544.76,3.5162
12/21/2007,9825.38,3.4875
1/3/2008,9567.16,3.5994
1/4/2008,9735.67,3.5856
1/7/2008,9506.29,3.5933
1/8/2008,9409.05,3.59
1/9/2008,9318.61,3.6639
1/10/2008,8948.61,3.66
1/11/2008,8763.77,3.6946
1/14/2008,8525.6,3.6994
1/15/2008,8588.25,3.7025
1/16/2008,8200.09,3.6938
1/17/2008,8339.76,3.6773
1/18/2008,8324.74,3.6925
1/21/2008,7941.86,3.7398
1/22/2008,7564.74,3.7648
1/23/2008,7425.53,3.7747
1/24/2008,7617.85,3.7608
1/25/2008,7915.81,3.7852
1/28/2008,7546.53,3.7625
1/29/2008,7684.13,3.7303
1/30/2008,7802.62,3.7177
1/31/2008,7494.53,3.7225
2/1/2008,7493.53,3.6707
2/4/2008,7615.2,3.6277
2/5/2008,7353.24,3.6522
2/6/2008,7305.13,3.6633
2/7/2008,7325.2,3.6822
2/8/2008,7299.08,3.6731
2/11/2008,7128.75,3.6512
2/12/2008,7116.94,3.6243
2/13/2008,7156.44,3.6473
2/14/2008,7286.57,3.648
2/15/2008,7136.17,3.6455
2/18/2008,7076.82,3.6388
2/19/2008,7077.91,3.6376
2/20/2008,7096.34,3.6555
2/21/2008,7331.65,3.6545
2/22/2008,7304.45,3.6535
2/25/2008,7641.88,3.6537
2/26/2008,7812.28,3.6537
2/27/2008,7659.29,3.6433
2/28/2008,7571.91,3.6644
2/29/2008,7444.05,3.7448
3/3/2008,7247.41,3.7361
3/4/2008,7347.16,3.7301
3/5/2008,7360.57,3.712
3/6/2008,7428.6,3.698
3/7/2008,7286.33,3.7185
3/10/2008,7341.33,3.7214
3/11/2008,7303.74,3.6909
3/12/2008,7413.36,3.6915
3/13/2008,7367.89,3.7147
3/14/2008,7449.66,3.7284
3/17/2008,7206.97,3.7426
3/18/2008,7344.65,3.7267
3/19/2008,7294.18,3.7168
3/20/2008,6762.74,3.7283
3/21/2008,6857.7,3.7233
3/24/2008,6884.01,3.7156
3/25/2008,6887.48,3.7198
3/26/2008,6833.31,3.7153
3/27/2008,6864.81,3.7141
3/28/2008,6964.38,3.7212
3/31/2008,6920.01,3.7304
4/1/2008,7005.29,3.7188
4/2/2008,7108.88,3.7126
4/3/2008,7118.75,3.7135
4/4/2008,7183.46,3.7113
4/7/2008,7344.93,3.6673
4/8/2008,7273.7,3.668
4/9/2008,7190.98,3.6723
4/10/2008,7120.48,3.635
4/11/2008,6980.21,3.626
4/14/2008,6718.57,3.6225
4/15/2008,6786.83,3.6224
4/16/2008,6857.38,3.6235
4/17/2008,6881.97,3.6105
4/18/2008,6927.54,3.5768
4/21/2008,7003.41,3.5622
4/22/2008,6949.19,3.5574
4/23/2008,6848.37,3.5715
4/24/2008,6913.46,3.5849
4/25/2008,6974.9,3.6351
4/29/2008,7069.13,3.6753
4/30/2008,7020.48,3.6632
5/5/2008,7147.26,3.6326
5/6/2008,7101.18,3.6641
5/7/2008,7091.35,3.6558
5/8/2008,7039.3,3.6875
5/9/2008,6949.54,3.6827
5/12/2008,6874.26,3.6791
5/13/2008,6883.85,3.6525
5/14/2008,7056.51,3.6622
5/15/2008,7335.37,3.6598
5/16/2008,7542.36,3.6441
5/19/2008,7589.11,3.6255
5/20/2008,7552.36,3.6419
5/21/2008,7484.01,3.6474
5/22/2008,7362.71,3.6699
5/23/2008,7341.71,3.6688
5/26/2008,7311.75,3.6684
5/27/2008,7412.93,3.6728
5/28/2008,7487.65,3.671
5/29/2008,7648.53,3.638
5/30/2008,7805.21,3.625
6/2/2008,7946.2,3.6075
6/3/2008,7840.91,3.6225
6/4/2008,7630.63,3.6279
6/5/2008,7621.05,3.6374
6/6/2008,7665.64,3.6613
6/9/2008,7597.64,3.6804
6/10/2008,7382.69,3.6774
6/11/2008,7422.2,3.6731
6/12/2008,7351.07,3.6672
6/13/2008,7367.83,3.6654
6/16/2008,7359.91,3.6673
6/17/2008,7383.17,3.6592
6/18/2008,7210.41,3.667
6/19/2008,7012.92,3.6717
6/20/2008,6891.46,3.6758
6/23/2008,6815.44,3.6734
6/24/2008,6666.93,3.6758
6/25/2008,6598.97,3.6524
6/26/2008,6438.02,3.6555
6/27/2008,6595.49,3.6511
6/30/2008,6502.65,3.6474
7/1/2008,6299.63,3.6425
7/2/2008,6342.2,3.6392
7/3/2008,6231,3.631
7/4/2008,6179.88,3.6168
7/7/2008,6102.49,3.5822
7/8/2008,6106.48,3.5757
7/9/2008,6286.64,3.5357
7/10/2008,6188.68,3.5668
7/11/2008,6076.37,3.6004
7/14/2008,6012.11,3.5737
7/15/2008,5674.34,3.604
7/16/2008,5441.75,3.5815
7/17/2008,5633.22,3.557
7/18/2008,5735.27,3.5523
7/21/2008,5832.12,3.5495
7/22/2008,5676.18,3.5647
7/23/2008,5850.28,3.5779
7/24/2008,5914.69,3.5755
7/25/2008,5856.31,3.5644
7/28/2008,5811.64,3.5408
7/29/2008,5847.14,3.5413
7/30/2008,6049.36,3.5311
7/31/2008,5948.77,3.5154
8/1/2008,6029.47,3.5089
8/4/2008,6096.74,3.5055
8/5/2008,6163.97,3.5017
8/6/2008,6094.89,3.4802
8/7/2008,6321.44,3.4806
8/8/2008,6337.67,3.5322
8/11/2008,6380.76,3.568
8/12/2008,6223.14,3.5343
8/13/2008,6048.6,3.56
8/14/2008,5932.18,3.5394
8/15/2008,5911.66,3.5491
8/18/2008,5859.54,3.5229
8/19/2008,5907.19,3.5226
8/20/2008,5735.16,3.5226
8/21/2008,5667.41,3.5269
8/22/2008,5686.64,3.529
8/25/2008,5636.13,3.5218
8/26/2008,5530.37,3.5525
8/27/2008,5482.38,3.5449
8/28/2008,5554.91,3.5406
8/29/2008,5420.87,3.5334
9/1/2008,5479.32,3.5208
9/2/2008,5564.66,3.5265
9/3/2008,5527.85,3.5462
9/4/2008,5466.55,3.5795
9/5/2008,5283.14,3.6096
9/8/2008,5421.74,3.5971
9/9/2008,5361.04,3.5874
9/10/2008,5225.8,3.5964
9/11/2008,5056.36,3.6325
9/12/2008,5037.02,3.6072
9/15/2008,4823.21,3.6217
9/16/2008,4480.68,3.644
9/17/2008,4463.11,3.6581
9/18/2008,4272.34,3.6706
9/19/2008,4667.62,3.6315
9/22/2008,4761.66,3.6297
9/23/2008,4601.38,3.6642
9/24/2008,4630.84,3.6781
9/25/2008,4633.8,3.6777
9/26/2008,4519.13,3.6864
9/29/2008,4429.85,3.7161
9/30/2008,4258.04,3.7509
10/1/2008,4327.59,3.7435
10/2/2008,4352.92,3.8255
10/3/2008,4368.95,3.8859
10/6/2008,4133.77,3.9632
10/7/2008,3968.19,3.9287
10/8/2008,3600.96,3.8933
10/9/2008,3539.07,3.8305
10/10/2008,3187.77,3.7942
10/13/2008,3458.38,3.7865
10/14/2008,3825.57,3.7712
10/15/2008,3619.7,3.8089
10/16/2008,3618.96,3.7924
10/17/2008,3483.93,3.656
10/20/2008,3460.35,3.6276
10/21/2008,3369.23,3.6245
10/22/2008,3235.79,3.5504
10/23/2008,3082.46,3.5972
10/24/2008,2817.06,3.6249
10/27/2008,2596.3,3.7223
10/28/2008,2733.43,3.7202
10/29/2008,2842.2,3.6242
10/30/2008,2888.19,3.6583
10/31/2008,2866.35,3.6675
11/3/2008,2965.49,3.6844
11/4/2008,3177.06,3.68
11/5/2008,3077.02,3.6947
11/6/2008,3106.15,3.7218
11/7/2008,3170.93,3.7299
11/10/2008,3365.23,3.7491
11/11/2008,3218.82,3.8415
11/12/2008,3153.55,3.8572
11/13/2008,3065.32,3.8043
11/14/2008,3128.53,3.731
11/17/2008,3024.12,3.8047
11/18/2008,3022.47,3.8326
11/19/2008,2956.12,3.8424
11/20/2008,2865.43,3.8249
11/21/2008,2888.31,3.8203
11/24/2008,2941.33,3.7991
11/25/2008,3017.04,3.8074
11/26/2008,2987.89,3.8563
11/27/2008,2987.58,3.8349
11/28/2008,2980.39,3.7879
12/2/2008,2938.44,3.8246
12/3/2008,2941.6,3.8445
12/4/2008,2936.41,3.8405
12/5/2008,2915.13,3.8553
12/8/2008,2946.52,3.8743
12/9/2008,2938.34,3.8949
12/10/2008,2923.38,3.8928
12/11/2008,2899.05,3.914
12/12/2008,2875.44,3.9398
12/15/2008,2850.72,3.9445
12/16/2008,2867.76,3.9432
12/17/2008,2883.1,3.9594
12/18/2008,2887.74,3.9519
12/19/2008,2847.86,3.9325
12/22/2008,2848.87,3.9255
12/23/2008,2901.1,3.9599
1/5/2009,2983.79,4.0604
1/6/2009,3125.7,4.0711
1/7/2009,2741.46,4.1223
1/8/2009,2696.92,4.1821
1/9/2009,2749.67,4.2463
1/12/2009,2866.74,4.3218
1/13/2009,2822.38,4.2347
1/14/2009,2786.76,4.3025
1/15/2009,2776.87,4.2915
1/16/2009,2808.46,4.2854
1/19/2009,2746.92,4.2942
1/20/2009,2598.08,4.3142
1/21/2009,2476.29,4.3063
1/22/2009,2442.94,4.337
1/23/2009,2300.69,4.295
1/26/2009,2359.49,4.2302
1/27/2009,2341.5,4.2348
1/28/2009,2284.9,4.2084
1/29/2009,2304.85,4.2651
1/30/2009,2253.02,4.2792
2/2/2009,2269.2,4.3232
2/3/2009,2272.81,4.3058
2/4/2009,2198.76,4.3049
2/5/2009,2265.95,4.2553
2/6/2009,2283.46,4.2485
2/9/2009,2281.88,4.2355
2/10/2009,2254.31,4.2515
2/11/2009,2234.69,4.2841
2/12/2009,2219.82,4.3011
2/13/2009,2164.79,4.2944
2/16/2009,2068.22,4.3192
2/17/2009,1890.54,4.3068
2/18/2009,1974.26,4.282
2/19/2009,2065.35,4.2678
2/20/2009,1994.47,4.2871
2/23/2009,1972.71,4.27
2/24/2009,1899.05,4.28
2/25/2009,1887.14,4.2873
2/26/2009,1900.47,4.29
2/27/2009,1899.14,4.302
3/2/2009,1914.81,4.3082
3/3/2009,1907.19,4.2974
3/4/2009,1990.57,4.2866
3/5/2009,1939.33,4.2819
3/6/2009,2017.39,4.2916
3/9/2009,1964.56,4.2999
3/10/2009,2000.4,4.2875
3/11/2009,1987.08,4.2824
3/12/2009,2011.24,4.2792
3/13/2009,2066.71,4.2823
3/16/2009,2106.35,4.29
3/17/2009,2118.95,4.2918
3/18/2009,2119.42,4.2963
3/19/2009,2239.12,4.3045
3/20/2009,2296.65,4.2982
3/23/2009,2389.08,4.2933
3/24/2009,2370.1,4.2952
3/25/2009,2429.69,4.2771
3/26/2009,2516.73,4.2351
3/27/2009,2427.42,4.2472
3/30/2009,2278.44,4.2275
3/31/2009,2367.47,4.2321
4/1/2009,2425.03,4.2275
4/2/2009,2565.16,4.1957
4/3/2009,2582.44,4.1666
4/6/2009,2623.73,4.1632
4/7/2009,2570.22,4.1683
4/8/2009,2656.05,4.1757
4/9/2009,2803.74,4.1313
4/10/2009,2864.52,4.1325
4/13/2009,2819.42,4.1286
4/14/2009,2772.12,4.1561
4/15/2009,2747.41,4.1912
4/16/2009,2934.22,4.2146
4/17/2009,2871.18,4.213
4/21/2009,2761.14,4.2424
4/22/2009,2828.97,4.2466
4/23/2009,2857.07,4.2477
4/24/2009,2923.26,4.2346
4/27/2009,3021.51,4.213
4/28/2009,2918.33,4.2191
4/29/2009,2931.09,4.1774
4/30/2009,3048.92,4.1977
5/4/2009,3012.59,4.1859
5/5/2009,3048.23,4.1602
5/6/2009,3091.31,4.1523
5/7/2009,3296.94,4.131
5/8/2009,3316.83,4.1397
5/11/2009,3271.07,4.1598
5/12/2009,3159.27,4.1549
5/13/2009,3054.94,4.175
5/14/2009,2839.63,4.1798
5/15/2009,2942.93,4.1885
5/18/2009,3073.32,4.1706
5/19/2009,3166,4.1593
5/20/2009,3211.01,4.1539
5/21/2009,3084.95,4.1676
5/22/2009,3159.38,4.1744
5/25/2009,3193.38,4.1739
5/26/2009,3097.76,4.1784
5/27/2009,3144.17,4.1826
5/28/2009,3227.19,4.1947
5/29/2009,3341.53,4.1872
6/1/2009,3454.11,4.1831
6/2/2009,3484.85,4.1882
6/3/2009,3483.21,4.2124
6/4/2009,3507.76,4.21
6/5/2009,3544.54,4.2158
6/9/2009,3514.56,4.2002
6/10/2009,3609.07,4.2007
6/11/2009,3657.53,4.196
6/12/2009,3651.62,4.1963
6/15/2009,3524.78,4.2292
6/16/2009,3429.03,4.2335
6/17/2009,3290.07,4.2287
6/18/2009,3376.61,4.2258
6/19/2009,3477.03,4.2166
6/22/2009,3386.58,4.2296
6/23/2009,3377.65,4.2325
6/24/2009,3436.57,4.2252
6/25/2009,3361.55,4.2221
6/26/2009,3408.16,4.2179
6/29/2009,3391.01,4.2129
6/30/2009,3434.43,4.2106
7/1/2009,3435.5,4.1929
7/2/2009,3433.87,4.2089
7/3/2009,3437.82,4.2051
7/6/2009,3394.53,4.2075
7/7/2009,3423.37,4.2123
7/8/2009,3384.71,4.214
7/9/2009,3402.06,4.2161
7/10/2009,3341.6,4.2189
7/13/2009,3315.59,4.2224
7/14/2009,3338.27,4.2164
7/15/2009,3415.67,4.2167
7/16/2009,3457.67,4.2345
7/17/2009,3441.24,4.2446
7/20/2009,3579.78,4.2374
7/21/2009,3639.94,4.2341
7/22/2009,3586.16,4.2366
7/23/2009,3656.98,4.2317
7/24/2009,3741.73,4.2144
7/27/2009,3854.89,4.2096
7/28/2009,3807.07,4.209
7/29/2009,3783.04,4.2171
7/30/2009,3986.85,4.2088
7/31/2009,3920.3,4.2189
8/3/2009,4038.68,4.2026
8/4/2009,3978.47,4.2105
8/5/2009,3994.41,4.2075
8/6/2009,4107.59,4.2094
8/7/2009,4141.58,4.2144
8/10/2009,4172.61,4.2121
8/11/2009,4162.74,4.2189
8/12/2009,4123.59,4.2188
8/13/2009,4197.3,4.2116
8/14/2009,4180.39,4.2145
8/17/2009,3972.59,4.2224
8/18/2009,4010.75,4.2174
8/19/2009,3909.66,4.2245
8/20/2009,4043.22,4.2336
8/21/2009,4146.84,4.2229
8/24/2009,4291.95,4.2219
8/25/2009,4335.98,4.2135
8/26/2009,4360.32,4.2288
8/27/2009,4364.17,4.2249
8/28/2009,4346.04,4.2188
8/31/2009,4249.22,4.223
9/1/2009,4187.42,4.227
9/2/2009,4043.22,4.2421
9/3/2009,4095.67,4.2444
9/4/2009,4201.28,4.2483
9/7/2009,4349.63,4.2451
9/8/2009,4355.13,4.2411
9/9/2009,4343.49,4.2493
9/10/2009,4341.56,4.2521
9/11/2009,4376.7,4.281
9/14/2009,4291.75,4.2722
9/15/2009,4399.01,4.2633
9/16/2009,4400.3,4.2641
9/17/2009,4366.37,4.265
9/18/2009,4343.39,4.2663
9/21/2009,4320.68,4.27
9/22/2009,4429.14,4.2467
9/23/2009,4444.49,4.2297
9/24/2009,4433.73,4.2152
9/25/2009,4394.73,4.2011
9/28/2009,4394.49,4.2103
9/29/2009,4387.85,4.1906
9/30/2009,4397.4,4.2177
10/1/2009,4311.73,4.2608
10/2/2009,4123.8,4.2733
10/5/2009,4229.49,4.267
10/6/2009,4347.18,4.2616
10/7/2009,4436.4,4.2694
10/8/2009,4390.01,4.2801
10/9/2009,4369.04,4.281
10/12/2009,4404.61,4.2803
10/13/2009,4376.32,4.2943
10/14/2009,4582.79,4.2982
10/15/2009,4566.94,4.2933
10/16/2009,4515.18,4.2882
10/19/2009,4648.5,4.2939
10/20/2009,4669.54,4.2943
10/21/2009,4639.7,4.2907
10/22/2009,4640.72,4.2907
10/23/2009,4676.03,4.2906
10/26/2009,4642.78,4.2872
10/27/2009,4522.17,4.2945
10/28/2009,4373.38,4.3269
10/29/2009,4469.58,4.3102
10/30/2009,4469.06,4.3107
11/2/2009,4468.22,4.3034
11/3/2009,4384.96,4.3017
11/4/2009,4456.46,4.2971
11/5/2009,4502.24,4.3058
11/6/2009,4474.64,4.303
11/9/2009,4587.91,4.2983
11/10/2009,4643.89,4.299
11/11/2009,4778.27,4.295
11/12/2009,4799.79,4.3028
11/13/2009,4829.68,4.3002
11/16/2009,4836.39,4.2933
11/17/2009,4782.48,4.2944
11/18/2009,4834.17,4.2741
11/19/2009,4831.98,4.2785
11/20/2009,4844.85,4.2835
11/23/2009,4913.48,4.2736
11/24/2009,4969.99,4.2684
11/25/2009,4969.56,4.262
11/26/2009,4869.41,4.2904
11/27/2009,4817.99,4.2759
11/30/2009,4841.58,4.267
12/2/2009,4903.98,4.2408
12/3/2009,4872.35,4.211
12/4/2009,4862.67,4.2228
12/7/2009,4642.67,4.2337
12/8/2009,4654.22,4.2369
12/9/2009,4576.2,4.2476
12/10/2009,4675.84,4.2469
12/11/2009,4700.65,4.2605
12/14/2009,4781.04,4.2491
12/15/2009,4786.07,4.2501
12/16/2009,4906.92,4.2226
12/17/2009,4803.92,4.213
12/18/2009,4821.27,4.2091
12/21/2009,4751.78,4.2167
12/22/2009,4651.65,4.2199
12/23/2009,4661.38,4.1964
12/24/2009,4690.57,4.2093
1/4/2010,4751.08,4.2163
1/5/2010,4926.55,4.1797
1/6/2010,4950.41,4.1591
1/7/2010,4998.6,4.1679
1/8/2010,5078.03,4.1653
1/11/2010,5176.95,4.125
1/12/2010,5119.05,4.1341
1/13/2010,5222.41,4.1262
1/14/2010,5170.87,4.1279
1/15/2010,5232.29,4.1082
1/18/2010,5199.03,4.1054
1/19/2010,5137.59,4.112
1/20/2010,5154.15,4.138
1/21/2010,5097.67,4.1316
1/22/2010,5028.4,4.1529
1/25/2010,5061.67,4.1161
1/26/2010,4908.11,4.1286
1/27/2010,4955.13,4.1306
1/28/2010,5088.34,4.1368
1/29/2010,5065.43,4.1003
2/1/2010,5116.07,4.0827
2/2/2010,5127.53,4.0881
2/3/2010,5129.79,4.1035
2/4/2010,5043.6,4.1377
2/5/2010,4906.56,4.1434
2/8/2010,4916.98,4.1396
2/9/2010,5034.58,4.1274
2/10/2010,5112.26,4.1167
2/11/2010,5105.43,4.1122
2/12/2010,5117.66,4.1284
2/15/2010,5141.13,4.1224
2/16/2010,5158.62,4.1189
2/17/2010,5209.11,4.1208
2/18/2010,5227.73,4.1296
2/19/2010,5264.59,4.1339
2/22/2010,5373.83,4.126
2/23/2010,5360.37,4.1275
2/24/2010,5345.51,4.1253
2/25/2010,5317.24,4.1243
2/26/2010,5328.45,4.109
3/1/2010,5359.39,4.1098
3/2/2010,5455.64,4.1051
3/3/2010,5467.6,4.0871
3/4/2010,5488.64,4.0923
3/5/2010,5513.93,4.0915
3/8/2010,5538.23,4.0928
3/9/2010,5501.53,4.0992
3/10/2010,5541.23,4.0936
3/11/2010,5548.99,4.0959
3/12/2010,5614.51,4.0902
3/15/2010,5725.93,4.0896
3/16/2010,5771.68,4.0912
3/17/2010,5882.44,4.0801
3/18/2010,5925.31,4.0804
3/19/2010,5898.45,4.0826
3/22/2010,5867.68,4.0863
3/23/2010,5983.36,4.0709
3/24/2010,5883.4,4.0575
3/25/2010,5998.66,4.0646
3/26/2010,6008.1,4.0715
3/29/2010,5932.91,4.0688
3/30/2010,5987.17,4.075
3/31/2010,5965.35,4.0939
4/1/2010,6092.72,4.1089
4/2/2010,6099.31,4.1024
4/6/2010,6003.67,4.0941
4/7/2010,6132.56,4.0949
4/8/2010,6017.38,4.1206
4/9/2010,6109.39,4.1333
4/12/2010,6053.48,4.1276
4/13/2010,5992.23,4.1422
4/14/2010,6028.93,4.1425
4/15/2010,6056.7,4.1409
4/16/2010,6067.19,4.1457
4/19/2010,5945.6,4.1547
4/20/2010,5923.05,4.1452
4/21/2010,5908.82,4.1354
4/22/2010,5782.81,4.1405
4/23/2010,5875.48,4.1254
4/26/2010,5842.6,4.115
4/27/2010,5769.02,4.1275
4/28/2010,5686.22,4.1406
4/29/2010,5711.69,4.1343
4/30/2010,5727.85,4.1296
5/3/2010,5647.46,4.128
5/4/2010,5416.82,4.1442
5/5/2010,5131.72,4.185
5/6/2010,5130.67,4.1824
5/7/2010,4907.95,4.1989
5/10/2010,5454.83,4.1666
5/11/2010,5175.22,4.1793
5/12/2010,5289.24,4.1736
5/13/2010,5434.4,4.1879
5/14/2010,5338.31,4.186
5/17/2010,4978.98,4.1959
5/18/2010,5128.63,4.1949
5/19/2010,5112.14,4.1972
5/20/2010,5096.87,4.2032
5/21/2010,4903.56,4.1933
5/25/2010,4365.99,4.1847
5/26/2010,4781.36,4.1685
5/27/2010,4946.55,4.1578
5/28/2010,4975.46,4.1699
5/31/2010,4935.05,4.195
6/1/2010,4845.35,4.1769
6/2/2010,4894.32,4.1851
6/3/2010,5024.64,4.1928
6/4/2010,4864.02,4.2118
6/7/2010,4799.4,4.2352
6/8/2010,4663.67,4.2255
6/9/2010,4755.64,4.2172
6/10/2010,4777.74,4.2168
6/11/2010,4738.62,4.2307
6/14/2010,4769.06,4.226
6/15/2010,4963.76,4.2285
6/16/2010,5099.99,4.2325
6/17/2010,5218.69,4.2349
6/18/2010,5143.15,4.2437
6/21/2010,5245.47,4.2365
6/22/2010,5175.1,4.2273
6/23/2010,5192.51,4.2257
6/24/2010,5137.95,4.2356
6/25/2010,4889.08,4.2774
6/28/2010,4818.09,4.3695
6/29/2010,4642.46,4.3875
6/30/2010,4743.86,4.3651
7/1/2010,4744.46,4.3427
7/2/2010,4873.56,4.2943
7/5/2010,4856.56,4.2573
7/6/2010,4814.92,4.2366
7/7/2010,4793.96,4.2319
7/8/2010,4813.94,4.2294
7/9/2010,4833.95,4.2387
7/12/2010,4720.18,4.3289
7/13/2010,4777.54,4.2614
7/14/2010,4844.14,4.257
7/15/2010,4868.5,4.2658
7/16/2010,4890.68,4.2677
7/19/2010,4862.28,4.3351
7/20/2010,4826.51,4.2752
7/21/2010,4863.43,4.2651
7/22/2010,4869.52,4.2663
7/23/2010,4904.45,4.2652
7/26/2010,4973.24,4.2469
7/27/2010,5172.61,4.2515
7/28/2010,5125.02,4.2522
7/29/2010,5168.45,4.2498
7/30/2010,5074.07,4.2501
8/2/2010,5248.56,4.2422
8/3/2010,5241.34,4.2422
8/4/2010,5224.36,4.2524
8/5/2010,5254.74,4.2552
8/6/2010,5169.81,4.2435
8/9/2010,5220.72,4.231
8/10/2010,5159.49,4.2357
8/11/2010,5099.66,4.2391
8/12/2010,5124.51,4.2302
8/13/2010,5135.64,4.235
8/16/2010,5227.85,4.2336
8/17/2010,5285.27,4.2363
8/18/2010,5233.36,4.2286
8/19/2010,5231.6,4.2325
8/20/2010,5235.68,4.2257
8/23/2010,5219.26,4.2303
8/24/2010,5119.73,4.2377
8/25/2010,5091.3,4.2425
8/26/2010,5141.12,4.2493
8/27/2010,5195.1,4.2429
8/30/2010,5130.97,4.2402
8/31/2010,5072.95,4.2608
9/1/2010,5057.81,4.2561
9/2/2010,5107.51,4.2693
9/3/2010,5095.86,4.2768
9/6/2010,5134.72,4.2852
9/7/2010,5074.16,4.2875
9/8/2010,5055.7,4.2843
9/9/2010,5136.85,4.2779
9/10/2010,5163.65,4.2794
9/13/2010,5166.92,4.2598
9/14/2010,5207.42,4.2341
9/15/2010,5226.31,4.2412
9/16/2010,5247.88,4.2511
9/17/2010,5208.76,4.26
9/20/2010,5164.89,4.2643
9/21/2010,5243.74,4.2576
9/22/2010,5208.31,4.2588
9/23/2010,5199.21,4.2608
9/24/2010,5211.7,4.2422
9/27/2010,5260.24,4.2492
9/28/2010,5227.4,4.2674
9/29/2010,5217.63,4.2719
9/30/2010,5336.25,4.2714
10/1/2010,5282.54,4.2675
10/4/2010,5224.43,4.2753
10/5/2010,5214.51,4.2843
10/6/2010,5212.18,4.2706
10/7/2010,5210.63,4.2697
10/8/2010,5223.96,4.2673
10/11/2010,5232.03,4.2678
10/12/2010,5222.22,4.2762
10/13/2010,5267.29,4.2785
10/14/2010,5253.62,4.2803
10/15/2010,5293.16,4.2797
10/18/2010,5259.22,4.2876
10/19/2010,5240.66,4.3007
10/20/2010,5254.27,4.3079
10/21/2010,5257.58,4.3149
10/22/2010,5246.68,4.2976
10/25/2010,5247.35,4.267
10/26/2010,5218.66,4.2757
10/27/2010,5242.54,4.2729
10/28/2010,5300.12,4.2695
10/29/2010,5282.41,4.2678
11/1/2010,5265.77,4.2775
11/2/2010,5233.26,4.2926
11/3/2010,5225.52,4.2963
11/4/2010,5197.89,4.2924
11/5/2010,5276.82,4.2906
11/8/2010,5160.52,4.2859
11/9/2010,5221.82,4.2852
11/10/2010,5157.9,4.2796
11/11/2010,5169.81,4.2839
11/12/2010,5153.02,4.2962
11/15/2010,5135.03,4.2925
11/16/2010,5139.82,4.2974
11/17/2010,5176.26,4.2959
11/18/2010,5185.27,4.2995
11/19/2010,5148.21,4.2998
11/22/2010,5078.69,4.2983
11/23/2010,5082.46,4.3122
11/24/2010,5093.61,4.3046
11/25/2010,5064.34,4.3007
11/26/2010,5039.24,4.3173
11/29/2010,5052.52,4.3043
11/30/2010,5093.95,4.2973
12/2/2010,5115.27,4.3009
12/3/2010,5156.87,4.3044
12/6/2010,5099.41,4.3078
12/7/2010,5148.6,4.2982
12/8/2010,5168.91,4.2997
12/9/2010,5146.64,4.3006
12/10/2010,5174.08,4.2943
12/13/2010,5155.98,4.2906
12/14/2010,5154.68,4.2886
12/15/2010,5146.34,4.2918
12/16/2010,5138.51,4.293
12/17/2010,5149.98,4.291
12/20/2010,5133.93,4.2918
12/21/2010,5132.11,4.2878
12/22/2010,5141,4.2861
12/23/2010,5186.95,4.2868
12/27/2010,5170.8,4.2897
12/28/2010,5199.43,4.2903
12/29/2010,5219.58,4.3012
12/30/2010,5268.61,4.2888
1/3/2011,5366.38,4.2745
1/4/2011,5421.61,4.2709
1/5/2011,5421.29,4.2677
1/6/2011,5542.79,4.2582
1/7/2011,5589.91,4.2626
1/10/2011,5626.23,4.2632
1/11/2011,5688.55,4.2574
1/12/2011,5758.84,4.2553
1/13/2011,5784.57,4.262
1/14/2011,5757.69,4.2655
1/17/2011,5784.02,4.2594
1/18/2011,5825.3,4.2579
1/19/2011,5858.56,4.2628
1/20/2011,5808.01,4.2691
1/21/2011,5755.34,4.2695
1/24/2011,5766.23,4.2665
1/25/2011,5773.31,4.2569
1/26/2011,5742.68,4.266
1/27/2011,5750.61,4.2644
1/28/2011,5742.44,4.2583
1/31/2011,5672.66,4.2569
2/1/2011,5685.15,4.2573
2/2/2011,5748.33,4.2573
2/3/2011,5676.52,4.2617
2/4/2011,5678.06,4.2588
2/7/2011,5716.12,4.2591
2/8/2011,5729.52,4.2552
2/9/2011,5751.26,4.2549
2/10/2011,5703.57,4.2639
2/11/2011,5640.97,4.2579
2/14/2011,5656.45,4.2477
2/15/2011,5658.4,4.2542
2/16/2011,5594.59,4.2484
2/17/2011,5632.71,4.25
2/18/2011,5671.88,4.2415
2/21/2011,5642.37,4.2292
2/22/2011,5626.42,4.2293
2/23/2011,5721.81,4.2325
2/24/2011,5607.32,4.2307
2/25/2011,5691.89,4.2176
2/28/2011,5864.43,4.2038
3/1/2011,5792.66,4.207
3/2/2011,5765.13,4.2017
3/3/2011,5850.06,4.2096
3/4/2011,5845.16,4.2056
3/7/2011,5847.95,4.1945
3/8/2011,5821.11,4.1907
3/9/2011,5866.42,4.1917
3/10/2011,5911.13,4.1941
3/11/2011,5804.54,4.1852
3/14/2011,5820,4.1791
3/15/2011,5657.28,4.1774
3/16/2011,5760.99,4.1795
3/17/2011,5812.44,4.1719
3/18/2011,5690.51,4.1689
3/21/2011,5820.83,4.1572
3/22/2011,5845.59,4.1276
3/23/2011,5837.71,4.1047
3/24/2011,5893.58,4.093
3/25/2011,6062.67,4.0865
3/28/2011,6001.57,4.1085
3/29/2011,5940.12,4.1218
3/30/2011,5949.53,4.1058
3/31/2011,5928.64,4.1222
4/1/2011,5957.72,4.1371
4/4/2011,5910.96,4.1236
4/5/2011,5909.63,4.1147
4/6/2011,5951.44,4.107
4/7/2011,6012.07,4.1164
4/8/2011,6068.4,4.1165
4/11/2011,5995.81,4.1094
4/12/2011,5943.92,4.1112
4/13/2011,5987.61,4.1072
4/14/2011,5945.81,4.1
4/15/2011,5933.33,4.0933
4/18/2011,5900.04,4.0908
4/19/2011,5876.69,4.0865
4/20/2011,5941.48,4.0856
4/21/2011,5867.45,4.0871
4/22/2011,5917.36,4.0759
4/26/2011,5894.29,4.0728
4/27/2011,5936.18,4.0689
4/28/2011,5978.36,4.0778
4/29/2011,5921.53,4.0775
5/2/2011,5873.97,4.093
5/3/2011,5762.64,4.1068
5/4/2011,5780.64,4.1077
5/5/2011,5775.53,4.1142
5/6/2011,5797.61,4.1162
5/9/2011,5781.88,4.0996
5/10/2011,5734.52,4.0887
5/11/2011,5667.36,4.0932
5/12/2011,5648.81,4.116
5/13/2011,5719.38,4.1147
5/16/2011,5686.98,4.1052
5/17/2011,5648.53,4.1119
5/18/2011,5632.56,4.1261
5/19/2011,5621.82,4.1116
5/20/2011,5624.54,4.1147
5/23/2011,5534.8,4.1225
5/24/2011,5483.51,4.1215
5/25/2011,5418.58,4.1368
5/26/2011,5438.54,4.1327
5/27/2011,5485.95,4.1287
5/30/2011,5464.13,4.1268
5/31/2011,5468.66,4.1304
6/1/2011,5578.76,4.1342
6/2/2011,5523.25,4.1343
6/3/2011,5506.9,4.1324
6/6/2011,5564.53,4.1404
6/7/2011,5562.34,4.1564
6/8/2011,5571.93,4.175
6/9/2011,5556.66,4.1594
6/10/2011,5545.92,4.1792
6/14/2011,5620.58,4.1712
6/15/2011,5593.89,4.1844
6/16/2011,5534.5,4.2337
6/17/2011,5560.65,4.234
6/20/2011,5546.88,4.2524
6/21/2011,5573.67,4.2352
6/22/2011,5575.09,4.2122
6/23/2011,5500.04,4.2266
6/24/2011,5509.64,4.2185
6/27/2011,5410.02,4.2209
6/28/2011,5451.72,4.2104
6/29/2011,5471.62,4.2176
6/30/2011,5508.7,4.2363
7/1/2011,5490.79,4.2423
7/4/2011,5532.18,4.1974
7/5/2011,5629.05,4.1864
7/6/2011,5604.63,4.2087
7/7/2011,5616.61,4.1971
7/8/2011,5592.87,4.2085
7/11/2011,5526.59,4.2512
7/12/2011,5477.45,4.282
7/13/2011,5455.59,4.2744
7/14/2011,5418.77,4.2716
7/15/2011,5460.94,4.2664
7/18/2011,5365.59,4.2662
7/19/2011,5348.95,4.252
7/20/2011,5351.26,4.2389
7/21/2011,5356.5,4.2399
7/22/2011,5415.43,4.2416
7/25/2011,5412.46,4.2555
7/26/2011,5391.36,4.2321
7/27/2011,5364.71,4.2451
7/28/2011,5365.91,4.2441
7/29/2011,5345.09,4.2292
8/1/2011,5383.51,4.2367
8/2/2011,5297.77,4.2363
8/3/2011,5204.5,4.2274
8/4/2011,5129.9,4.2375
8/5/2011,4921.68,4.2421
8/8/2011,4508.71,4.2453
8/9/2011,4419.7,4.2644
8/10/2011,4557.7,4.2991
8/11/2011,4473.23,4.2962
8/12/2011,4678.71,4.2775
8/16/2011,4703.58,4.275
8/17/2011,4757.87,4.2483
8/18/2011,4591.73,4.2627
8/19/2011,4487.56,4.2725
8/22/2011,4531.12,4.2623
8/23/2011,4557.47,4.2569
8/24/2011,4606.2,4.2589
8/25/2011,4643.99,4.2521
8/26/2011,4607.92,4.2452
8/29/2011,4720.72,4.2279
8/30/2011,4727.06,4.2177
8/31/2011,4804.33,4.225
9/1/2011,4797.3,4.2349
9/2/2011,4717.59,4.2415
9/5/2011,4617.03,4.25
9/6/2011,4588.5,4.2424
9/7/2011,4730.67,4.2415
9/8/2011,4694.92,4.2514
9/9/2011,4656.6,4.2849
9/12/2011,4482.16,4.2776
9/13/2011,4438.66,4.2845
9/14/2011,4481.12,4.302
9/15/2011,4510.31,4.2712
9/16/2011,4475.02,4.2667
9/19/2011,4406.73,4.2891
9/20/2011,4430.78,4.2799
9/21/2011,4460.62,4.2943
9/22/2011,4309.58,4.3054
9/23/2011,4216.59,4.2986
9/26/2011,4206.95,4.3051
9/27/2011,4352.18,4.3018
9/28/2011,4302.48,4.3276
9/29/2011,4342.81,4.2956
9/30/2011,4327.13,4.3589
10/3/2011,4240.47,4.3126
10/4/2011,4191.9,4.3214
10/5/2011,4213.41,4.3142
10/6/2011,4280.49,4.3143
10/7/2011,4551.61,4.3102
10/10/2011,4470.44,4.316
10/11/2011,4484.46,4.3291
10/12/2011,4494.43,4.3297
10/13/2011,4442.5,4.3215
10/14/2011,4476.52,4.3392
10/17/2011,4519.59,4.3434
10/18/2011,4497.67,4.3529
10/19/2011,4526.67,4.3372
10/20/2011,4487.13,4.3386
10/21/2011,4549.45,4.3297
10/24/2011,4552.25,4.3205
10/25/2011,4519.26,4.328
10/26/2011,4517.12,4.3424
10/27/2011,4705.31,4.3275
10/28/2011,4664.64,4.3214
10/31/2011,4579.62,4.337
11/1/2011,4488.1,4.3476
11/2/2011,4468.89,4.3491
11/3/2011,4475.37,4.3524
11/4/2011,4511.1,4.3625
11/7/2011,4553.11,4.3525
11/8/2011,4557.03,4.3596
11/9/2011,4535.43,4.3639
11/10/2011,4512.65,4.3518
11/11/2011,4554.84,4.34
11/14/2011,4528.74,4.3629
11/15/2011,4507.7,4.3571
11/16/2011,4511.11,4.3724
11/17/2011,4479.53,4.37
11/18/2011,4424.05,4.3615
11/21/2011,4377.04,4.3649
11/22/2011,4347.23,4.3563
11/23/2011,4275.6,4.3558
11/24/2011,4238.06,4.3563
11/25/2011,4241.55,4.3639
11/28/2011,4172.21,4.3556
11/29/2011,4191.86,4.3634
11/30/2011,4245.33,4.3549
12/2/2011,4346.64,4.3547
12/5/2011,4405.8,4.3512
12/6/2011,4383.5,4.3533
12/7/2011,4375.58,4.3443
12/8/2011,4363.52,4.3386
12/9/2011,4359.48,4.3452
12/12/2011,4310.78,4.3481
12/13/2011,4298.59,4.347
12/14/2011,4276.48,4.3478
12/15/2011,4324.14,4.3396
12/16/2011,4272.67,4.3343
12/19/2011,4283.13,4.3096
12/20/2011,4256.07,4.3118
12/21/2011,4302.8,4.3038
12/22/2011,4307.82,4.294
12/23/2011,4319.56,4.2957
12/27/2011,4299.69,4.2924
12/28/2011,4263.93,4.2948
12/29/2011,4277.52,4.3095
12/30/2011,4336.95,4.3257
1/4/2012,4342.97,4.3317
1/5/2012,4343.81,4.3458
1/6/2012,4379.57,4.3535
1/9/2012,4371.13,4.3628
1/10/2012,4371.18,4.3611
1/11/2012,4378.45,4.3592
1/12/2012,4376.58,4.3421
1/13/2012,4382.6,4.3432
1/16/2012,4385.63,4.3213
1/17/2012,4428.3,4.337
1/18/2012,4407.8,4.3482
1/19/2012,4435.35,4.3432
1/20/2012,4454.36,4.3499
1/23/2012,4475.41,4.3344
1/24/2012,4504.85,4.3423
1/25/2012,4542.31,4.3453
1/26/2012,4679.79,4.3378
1/27/2012,4768.14,4.3369
1/30/2012,4745.54,4.3386
1/31/2012,4887.75,4.3459
2/1/2012,4926.51,4.3474
2/2/2012,4929.67,4.3477
2/3/2012,5004.48,4.3386
2/6/2012,4942.61,4.3459
2/7/2012,4960.18,4.3551
2/8/2012,5030.37,4.3513
2/9/2012,5092.14,4.3508
2/10/2012,5049.43,4.3473
2/13/2012,5096.6,4.3477
2/14/2012,5070.63,4.3486
2/15/2012,5015.53,4.3491
2/16/2012,5025.53,4.3577
2/17/2012,5035.72,4.3549
2/20/2012,5103.51,4.354
2/21/2012,5106.48,4.3558
2/22/2012,5174.9,4.3622
2/23/2012,5218.72,4.3562
2/24/2012,5245.9,4.3548
2/27/2012,5179.47,4.35
2/28/2012,5200.27,4.3483
2/29/2012,5273.12,4.3543
3/1/2012,5322.63,4.3509
3/2/2012,5359.68,4.3506
3/5/2012,5371.63,4.3512
3/6/2012,5345.88,4.3534
3/7/2012,5264.93,4.3595
3/8/2012,5310.7,4.356
3/9/2012,5304.31,4.3542
3/12/2012,5123.58,4.3547
3/13/2012,5150.87,4.3629
3/14/2012,5220.48,4.3693
3/15/2012,5238,4.3867
3/16/2012,5265.01,4.3828
3/19/2012,5217.37,4.3786
3/20/2012,5191.9,4.3779
3/21/2012,5215.06,4.37
3/22/2012,5175.83,4.3714
3/23/2012,5161.63,4.3704
3/26/2012,5228.17,4.3652
3/27/2012,5267,4.3696
3/28/2012,5278.04,4.3738
3/29/2012,5310.15,4.3831
3/30/2012,5372.48,4.3862
4/2/2012,5367.91,4.3815
4/3/2012,5361.4,4.3763
4/4/2012,5349.07,4.3753
4/5/2012,5329.57,4.3731
4/6/2012,5313,4.37
4/9/2012,5241,4.3663
4/10/2012,5208.59,4.3711
4/11/2012,5221.98,4.3716
4/12/2012,5240.93,4.3743
4/13/2012,5290.08,4.3774
4/17/2012,5303.26,4.3769
4/18/2012,5301.75,4.3762
4/19/2012,5260.57,4.3738
4/20/2012,5258.78,4.377
4/23/2012,5222.37,4.3812
4/24/2012,5243.86,4.3802
4/25/2012,5282.51,4.3733
4/26/2012,5350.28,4.3767
4/27/2012,5331.59,4.3932
4/30/2012,5322.64,4.4369
5/2/2012,5304.17,4.4067
5/3/2012,5385.67,4.4078
5/4/2012,5370.55,4.4033
5/7/2012,5348.49,4.4034
5/8/2012,5373.21,4.4072
5/9/2012,5268.22,4.4216
5/10/2012,5077.57,4.4186
5/11/2012,5026.19,4.4316
5/14/2012,4816.1,4.4458
5/15/2012,4751.52,4.4427
5/16/2012,4720.8,4.4338
5/17/2012,4715.69,4.4454
5/18/2012,4653.51,4.4425
5/21/2012,4595.31,4.4443
5/22/2012,4700.49,4.4548
5/23/2012,4651.26,4.465
5/24/2012,4625.59,4.4665
5/25/2012,4672.89,4.4742
5/28/2012,4638.9,4.4677
5/29/2012,4667.96,4.4644
5/30/2012,4620.79,4.4758
5/31/2012,4567.44,4.4822
6/1/2012,4375.35,4.4643
6/5/2012,4303.57,4.4638
6/6/2012,4362.66,4.4626
6/7/2012,4431.71,4.4667
6/8/2012,4387.34,4.463
6/11/2012,4464.39,4.4644
6/12/2012,4438.4,4.4566
6/13/2012,4443.15,4.4605
6/14/2012,4467.14,4.4576
6/15/2012,4494.51,4.4691
6/18/2012,4548.93,4.4647
6/19/2012,4535.68,4.4602
6/20/2012,4540.81,4.4616
6/21/2012,4504.8,4.4645
6/22/2012,4473.48,4.4713
6/25/2012,4427.61,4.4689
6/26/2012,4348.22,4.4554
6/27/2012,4386.9,4.4502
6/28/2012,4431.76,4.4486
6/29/2012,4528.16,4.4494
7/2/2012,4661.55,4.4511
7/3/2012,4702.81,4.4523
7/4/2012,4551.91,4.4735
7/5/2012,4533.55,4.4899
7/6/2012,4506.74,4.5344
7/9/2012,4554.76,4.5322
7/10/2012,4589.15,4.5228
7/11/2012,4583.5,4.5228
7/12/2012,4606.74,4.5403
7/13/2012,4635.32,4.5515
7/16/2012,4699.17,4.5699
7/17/2012,4735.35,4.5605
7/18/2012,4759.17,4.565
7/19/2012,4747.24,4.5772
7/20/2012,4671.23,4.5968
7/23/2012,4526.02,4.6357
7/24/2012,4512.43,4.6308
7/25/2012,4590.26,4.6249
7/26/2012,4634.36,4.6103
7/27/2012,4660.72,4.5999
7/30/2012,4652.64,4.5667
7/31/2012,4693.35,4.5819
8/1/2012,4775.38,4.6109
8/2/2012,4728.58,4.6131
8/3/2012,4741.53,4.6263
8/6/2012,4781.68,4.5746
8/7/2012,4729.22,4.5473
8/8/2012,4689,4.5355
8/9/2012,4682.29,4.544
8/10/2012,4671.44,4.5333
8/13/2012,4731.72,4.537
8/14/2012,4732.73,4.4894
8/16/2012,4791.41,4.483
8/17/2012,4828.51,4.4874
8/20/2012,4845.85,4.497
8/21/2012,4864.05,4.4816
8/22/2012,4858.75,4.4934
8/23/2012,4856.76,4.4848
8/24/2012,4827.87,4.4691
8/27/2012,4820.41,4.4685
8/28/2012,4814.17,4.4511
8/29/2012,4818.11,4.4679
8/30/2012,4811.36,4.4635
8/31/2012,4812.87,4.4786
9/3/2012,4818.85,4.49
9/4/2012,4801.68,4.4876
9/5/2012,4795.28,4.485
9/6/2012,4823.65,4.4773
9/7/2012,4922.78,4.485
9/10/2012,4929.45,4.4736
9/11/2012,4905.81,4.4882
9/12/2012,4946.91,4.4917
9/13/2012,4933.9,4.501
9/14/2012,4977.47,4.4976
9/17/2012,4975.32,4.4941
9/18/2012,4987.37,4.5052
9/19/2012,4962.8,4.5021
9/20/2012,4916.49,4.5119
9/21/2012,4910.39,4.5113
9/24/2012,4814.76,4.5159
9/25/2012,4822.9,4.5099
9/26/2012,4750.07,4.5175
9/27/2012,4744.02,4.5234
9/28/2012,4725.11,4.537
10/1/2012,4750.41,4.5215
10/2/2012,4768.31,4.5258
10/3/2012,4723.07,4.5335
10/4/2012,4781.84,4.5524
10/5/2012,4826.18,4.5716
10/8/2012,4797.14,4.5689
10/9/2012,4799.94,4.5743
10/10/2012,4809.33,4.5631
10/11/2012,4782,4.5675
10/12/2012,4818.5,4.5664
10/15/2012,4820.68,4.5775
10/16/2012,4890.93,4.5765
10/17/2012,4921.01,4.5745
10/18/2012,4947.59,4.5799
10/19/2012,4924.4,4.5829
10/22/2012,4894.42,4.5749
10/23/2012,4870.91,4.576
10/24/2012,4893.17,4.5729
10/25/2012,4891.62,4.5623
10/26/2012,4890.97,4.5573
10/29/2012,4880.36,4.5484
10/30/2012,4883.12,4.5367
10/31/2012,4925.24,4.545
11/1/2012,4936.41,4.5326
11/2/2012,4925.69,4.5291
11/5/2012,4935.91,4.5244
11/6/2012,4944.5,4.5135
11/7/2012,4903.46,4.5171
11/8/2012,4847.07,4.5204
11/9/2012,4854.95,4.5231
11/12/2012,4824.98,4.5286
11/13/2012,4793.85,4.5385
11/14/2012,4791.77,4.5451
11/15/2012,4750.93,4.5413
11/16/2012,4758.75,4.5342
11/19/2012,4775.55,4.5341
11/20/2012,4795.97,4.5355
11/21/2012,4781.56,4.5331
11/22/2012,4770.54,4.5353
11/23/2012,4775.6,4.5344
11/26/2012,4758.84,4.5229
11/27/2012,4775.31,4.5053
11/28/2012,4750.82,4.5102
11/29/2012,4790.91,4.512
12/3/2012,4807.38,4.5245
12/4/2012,4796.47,4.5338
12/5/2012,4786.19,4.5377
12/6/2012,4791.26,4.5363
12/7/2012,4756.83,4.5372
12/10/2012,4749.65,4.533
12/11/2012,4773.58,4.5423
12/12/2012,4820.02,4.5239
12/13/2012,4822.57,4.4787
12/14/2012,4829.05,4.4691
12/17/2012,4839.62,4.4692
12/18/2012,4887.36,4.4664
12/19/2012,4915.17,4.4693
12/20/2012,4932.96,4.4481
12/21/2012,5015.22,4.4451
12/27/2012,5128.4,4.4278
12/28/2012,5149.56,4.4412
1/3/2013,5328.33,4.4144
1/4/2013,5457.86,4.4217
1/7/2013,5414.46,4.4043
1/8/2013,5513.19,4.4055
1/9/2013,5541.3,4.3961
1/10/2013,5567.83,4.3678
1/11/2013,5586.31,4.3797
1/14/2013,5628.08,4.3856
1/15/2013,5593.88,4.3408
1/16/2013,5658.12,4.3244
1/17/2013,5664.9,4.3238
1/18/2013,5689.89,4.3439
1/21/2013,5629.03,4.3531
1/22/2013,5579.89,4.3571
1/23/2013,5604.38,4.3708
1/24/2013,5590.6,4.3599
1/25/2013,5602.16,4.3707
1/28/2013,5568.52,4.3954
1/29/2013,5525.97,4.3769
1/30/2013,5513.22,4.3837
1/31/2013,5481.29,4.3826
2/1/2013,5588.78,4.3692
2/4/2013,5583.97,4.3724
2/5/2013,5607.73,4.3793
2/6/2013,5599.58,4.387
2/7/2013,5587.07,4.4
2/8/2013,5562.77,4.3967
2/11/2013,5561.33,4.3965
2/12/2013,5500.62,4.4016
2/13/2013,5483.52,4.3826
2/14/2013,5469.25,4.3813
2/15/2013,5481.98,4.3812
2/18/2013,5488.45,4.3863
2/19/2013,5503.84,4.3775
2/20/2013,5559.6,4.3769
2/21/2013,5535.47,4.3838
2/22/2013,5569.91,4.3873
2/25/2013,5572.6,4.3794
2/26/2013,5554.84,4.3716
2/27/2013,5610.56,4.364
2/28/2013,5654.11,4.3573
3/1/2013,5624.71,4.3635
3/4/2013,5597.4,4.3595
3/5/2013,5620.88,4.3556
3/6/2013,5656.68,4.361
3/7/2013,5662.77,4.3527
3/8/2013,5693.39,4.3541
3/11/2013,5684.23,4.3734
3/12/2013,5721.82,4.3772
3/13/2013,5726.38,4.3991
3/14/2013,5758.61,4.3955
3/15/2013,5753.17,4.3915
3/18/2013,5682.49,4.4098
3/19/2013,5732.01,4.425
3/20/2013,5747.18,4.4228
3/21/2013,5686.84,4.4217
3/22/2013,5655.83,4.4296
3/25/2013,5664.73,4.4154
3/26/2013,5736.55,4.4091
3/27/2013,5670.95,4.4143
3/28/2013,5679.3,4.4156
3/29/2013,5637.12,4.4173
4/1/2013,5635.98,4.4167
4/2/2013,5680.23,4.4218
4/3/2013,5687.2,4.4267
4/4/2013,5659.19,4.4192
4/5/2013,5604.25,4.4146
4/8/2013,5562.28,4.4033
4/9/2013,5539.78,4.3935
4/10/2013,5458.15,4.3876
4/11/2013,5462.44,4.3918
4/12/2013,5466.19,4.3816
4/15/2013,5393.73,4.3825
4/16/2013,5449.23,4.3675
4/17/2013,5417.3,4.3686
4/18/2013,5370.76,4.378
4/19/2013,5364.5,4.3645
4/22/2013,5359.99,4.3532
4/23/2013,5308.28,4.35
4/24/2013,5345.12,4.3585
4/25/2013,5312.49,4.345
4/26/2013,5320.28,4.343
4/29/2013,5339.52,4.3175
4/30/2013,5337.55,4.3278
5/2/2013,5346.11,4.3138
5/3/2013,5344.92,4.3033
5/7/2013,5309.75,4.314
5/8/2013,5310.26,4.3215
5/9/2013,5339.46,4.3253
5/10/2013,5294.89,4.3272
5/13/2013,5352.74,4.3249
5/14/2013,5366.31,4.3343
5/15/2013,5437.45,4.3417
5/16/2013,5481.7,4.3378
5/17/2013,5429.18,4.3398
5/20/2013,5423.61,4.3493
5/21/2013,5390.82,4.3504
5/22/2013,5455.04,4.3503
5/23/2013,5430.81,4.3553
5/24/2013,5466.22,4.3478
5/27/2013,5484.93,4.3407
5/28/2013,5494.08,4.3345
5/29/2013,5479.19,4.3505
5/30/2013,5454.82,4.3545
5/31/2013,5395.49,4.3909
6/3/2013,5448.53,4.4139
6/4/2013,5463.18,4.4022
6/5/2013,5417.93,4.4629
6/6/2013,5378.43,4.5355
6/7/2013,5372.56,4.51
6/10/2013,5420.84,4.522
6/11/2013,5419.12,4.517
6/12/2013,5399.9,4.4903
6/13/2013,5363.12,4.4715
6/14/2013,5365.61,4.4545
6/17/2013,5393.94,4.4525
6/18/2013,5382.55,4.49
6/19/2013,5377.88,4.5297
6/20/2013,5327.66,4.5355
6/21/2013,5313.96,4.546
6/25/2013,5246.22,4.4835
6/26/2013,5223.36,4.451
6/27/2013,5282.61,4.4577
6/28/2013,5261.77,4.4645
7/1/2013,5281.51,4.4485
7/2/2013,5243.97,4.4383
7/3/2013,5244.15,4.4243
7/4/2013,5258.68,4.4379
7/5/2013,5277.05,4.4499
7/8/2013,5310.66,4.4521
7/9/2013,5347.48,4.4415
7/10/2013,5362.55,4.4333
7/11/2013,5384.51,4.4215
7/12/2013,5416.53,4.4248
7/15/2013,5442.19,4.4277
7/16/2013,5414.53,4.4315
7/17/2013,5399.66,4.4377
7/18/2013,5430.34,4.425
7/19/2013,5426.5,4.4238
7/22/2013,5395.94,4.4187
7/23/2013,5420.86,4.404
7/24/2013,5414.13,4.391
7/25/2013,5361.66,4.397
7/26/2013,5380.97,4.3901
7/29/2013,5383.23,4.3907
7/30/2013,5398.42,4.3937
7/31/2013,5403.6,4.4157
8/1/2013,5487.26,4.4135
8/2/2013,5511.03,4.4226
8/5/2013,5582.12,4.3988
8/6/2013,5645.59,4.4063
8/7/2013,5754.48,4.4467
8/8/2013,5789.79,4.4415
8/9/2013,5749.83,4.4073
8/12/2013,5761.45,4.4123
8/13/2013,5849.07,4.4255
8/14/2013,5870.47,4.4368
8/16/2013,5884.75,4.4471
8/19/2013,5933.73,4.4556
8/20/2013,5903.55,4.4403
8/21/2013,5898.1,4.4526
8/22/2013,5946.32,4.4414
8/23/2013,5952.55,4.4307
8/26/2013,5923.21,4.4285
8/27/2013,5838.33,4.4348
8/28/2013,5773.18,4.4475
8/29/2013,5788.65,4.442
8/30/2013,5800.56,4.4338
9/2/2013,5841.16,4.419
9/3/2013,5792.9,4.4378
9/4/2013,5763.69,4.4572
9/5/2013,5758.32,4.4675
9/6/2013,5743.79,4.4775
9/9/2013,5729.5,4.4728
9/10/2013,5753.51,4.462
9/11/2013,5774.87,4.4823
9/12/2013,5800.15,4.4815
9/13/2013,5847.7,4.47
9/16/2013,5833.22,4.4588
9/17/2013,5824.78,4.4795
9/18/2013,5824.75,4.425
9/19/2013,5889.63,4.4653
9/20/2013,5865.72,4.466
9/23/2013,5931.35,4.466
9/24/2013,5916.44,4.4725
9/25/2013,6059.49,4.4588
9/26/2013,6069.17,4.4618
9/27/2013,6066.16,4.4608
9/30/2013,6042.32,4.4323
10/1/2013,6017.68,4.4478
10/2/2013,6029.94,4.443
10/3/2013,6047.36,4.4325
10/4/2013,6059.25,4.427
10/7/2013,6010.05,4.4215
10/8/2013,5983.54,4.443
10/9/2013,5959.54,4.4585
10/10/2013,6038.62,4.4528
10/11/2013,5990.19,4.4535
10/14/2013,5967.24,4.4612
10/15/2013,6008.07,4.4453
10/16/2013,6044.98,4.4435
10/17/2013,6032.99,4.4472
10/18/2013,5973.22,4.438
10/21/2013,5932.47,4.4337
10/22/2013,5923.75,4.4278
10/23/2013,5924.89,4.4375
10/24/2013,5964.66,4.4508
10/25/2013,5974.1,4.4451
10/28/2013,5932.14,4.4415
10/29/2013,6040.69,4.4395
10/30/2013,6036.04,4.4285
10/31/2013,6066.31,4.4358
11/1/2013,6119.59,4.4413
11/4/2013,6186.41,4.4395
11/5/2013,6226.28,4.4432
11/6/2013,6285.53,4.4335
11/7/2013,6234.28,4.4458
11/8/2013,6194.91,4.4443
11/11/2013,6177.56,4.4582
11/12/2013,6175.55,4.4552
11/13/2013,6068.48,4.464
11/14/2013,6101.23,4.4535
11/15/2013,6123.89,4.4457
11/18/2013,6135.53,4.4503
11/19/2013,6192.99,4.4455
11/20/2013,6175.96,4.447
11/21/2013,6183.85,4.4523
11/22/2013,6207.19,4.4483
11/25/2013,6225.59,4.438
11/26/2013,6193.67,4.4419
11/27/2013,6218.58,4.437
11/28/2013,6276.37,4.4363
11/29/2013,6335.09,4.432
12/2/2013,6387.08,4.4425
12/3/2013,6383.91,4.4591
12/4/2013,6356.67,4.4673
12/5/2013,6362.87,4.4632
12/6/2013,6359.51,4.4508
12/9/2013,6355.81,4.452
12/10/2013,6226.23,4.4525
12/11/2013,6261,4.4488
12/12/2013,6272.47,4.4538
12/13/2013,6295.38,4.4538
12/16/2013,6310.08,4.4618
12/17/2013,6310.32,4.4705
12/18/2013,6297.63,4.4805
12/19/2013,6371.82,4.4853
12/20/2013,6376.63,4.4855
12/23/2013,6416.22,4.4735
12/27/2013,6477.94,4.4735
12/30/2013,6493.79,4.4738
1/3/2014,6485.42,4.4935
1/6/2014,6458.51,4.4992
1/7/2014,6500.03,4.5005
1/8/2014,6549.82,4.5018
1/9/2014,6572.23,4.5408
1/10/2014,6599.76,4.5429
1/13/2014,6570.35,4.5241
1/14/2014,6508.48,4.5295
1/15/2014,6526.26,4.523
1/16/2014,6539.82,4.5285
1/17/2014,6559.86,4.5333
1/20/2014,6558.65,4.5358
1/21/2014,6567.17,4.5323
1/22/2014,6577.69,4.5293
1/23/2014,6569.54,4.5313
1/24/2014,6493.57,4.535
1/27/2014,6482.44,4.5455
1/28/2014,6489.52,4.5328
1/29/2014,6446.84,4.5282
1/30/2014,6428.63,4.5153
1/31/2014,6378.98,4.4985
2/3/2014,6434.39,4.4887
2/4/2014,6360.21,4.468
2/5/2014,6346.57,4.4597
2/6/2014,6371.9,4.4677
2/7/2014,6369.56,4.4767
2/10/2014,6340.12,4.4663
2/11/2014,6341.98,4.4734
2/12/2014,6326.7,4.487
2/13/2014,6361.39,4.489
2/14/2014,6374.07,4.4925
2/17/2014,6416.47,4.4878
2/18/2014,6423.04,4.4815
2/19/2014,6431.6,4.5139
2/20/2014,6421.36,4.5175
2/21/2014,6484.45,4.511
2/24/2014,6474.67,4.5118
2/25/2014,6480.68,4.5113
2/26/2014,6372.95,4.5175
2/27/2014,6374.54,4.489
2/28/2014,6435.58,4.5028
3/3/2014,6190.96,4.53
3/4/2014,6305.44,4.5079
3/5/2014,6331.53,4.4945
3/6/2014,6389.2,4.4942
3/7/2014,6377.61,4.5015
3/10/2014,6324.13,4.4963
3/11/2014,6328.56,4.5039
3/12/2014,6255.62,4.5108
3/13/2014,6228.95,4.5122
3/14/2014,6135.55,4.5068
3/17/2014,6242.63,4.5103
3/18/2014,6276.65,4.5005
3/19/2014,6272.32,4.4947
3/20/2014,6291.44,4.4868
3/21/2014,6239.38,4.483
3/24/2014,6266.6,4.4743
3/25/2014,6248.65,4.4721
3/26/2014,6317.11,4.4741
3/27/2014,6333.65,4.4674
3/28/2014,6331.09,4.4623
3/31/2014,6323.74,4.4615
4/1/2014,6359.05,4.4633
4/2/2014,6431.97,4.4669
4/3/2014,6457.69,4.4689
4/4/2014,6451.61,4.4597
4/7/2014,6461.88,4.4665
4/8/2014,6449.41,4.4593
4/9/2014,6460.13,4.4601
4/10/2014,6472.11,4.4604
4/11/2014,6435.31,4.4649
4/14/2014,6409.2,4.4675
4/15/2014,6489.77,4.4704
4/16/2014,6497.88,4.4673
4/17/2014,6500.3,4.463
4/18/2014,6491.51,4.4624
4/22/2014,6513.09,4.4658
4/23/2014,6509.83,4.4653
4/24/2014,6479.57,4.4488
4/25/2014,6417.32,4.4514
4/28/2014,6331.79,4.451
4/29/2014,6328.45,4.4483
4/30/2014,6424.43,4.4377
5/2/2014,6432.35,4.43
5/5/2014,6401.39,4.44
5/6/2014,6423.66,4.4331
5/7/2014,6475.3,4.426
5/8/2014,6550.92,4.436
5/9/2014,6608.75,4.434
5/12/2014,6605.86,4.4275
5/13/2014,6588.84,4.4327
5/14/2014,6463.65,4.438
5/15/2014,6426.35,4.4365
5/16/2014,6428.33,4.4315
5/19/2014,6456.6,4.4288
5/20/2014,6439.26,4.4367
5/21/2014,6360.43,4.4278
5/22/2014,6376.79,4.415
5/23/2014,6448.25,4.4069
5/26/2014,6488.91,4.4038
5/27/2014,6523.21,4.3948
5/28/2014,6556.44,4.3948
5/29/2014,6662.2,4.3943
5/30/2014,6722.53,4.3825
6/2/2014,6684.33,4.3948
6/3/2014,6656.79,4.3965
6/4/2014,6640.5,4.3985
6/5/2014,6643.27,4.3932
6/6/2014,6692.6,4.3875
6/10/2014,6746.4,4.385
6/11/2014,6778.6,4.396
6/12/2014,6911.63,4.3917
6/13/2014,6914.76,4.3919
6/16/2014,6861.44,4.3945
6/17/2014,6737.76,4.399
6/18/2014,6779.37,4.394
6/19/2014,6754.27,4.3918
6/20/2014,6747.78,4.3975
6/23/2014,6760.77,4.3917
6/24/2014,6809.69,4.3922
6/25/2014,6857.69,4.3875
6/26/2014,6850.87,4.3891
6/27/2014,6878.47,4.39
6/30/2014,7013.74,4.3847
7/1/2014,7022.19,4.3875
7/2/2014,7078.09,4.388
7/3/2014,7061.06,4.3885
7/4/2014,7015.24,4.3874
7/7/2014,6966.21,4.387
7/8/2014,6912.66,4.3875
7/9/2014,6853.19,4.3932
7/10/2014,6803.19,4.4045
7/11/2014,6850.03,4.4195
7/14/2014,6947.65,4.4205
7/15/2014,6933.56,4.4219
7/16/2014,6955.19,4.4383
7/17/2014,6926.23,4.4425
7/18/2014,6876.04,4.457
7/21/2014,6870.48,4.4476
7/22/2014,6896.38,4.4415
7/23/2014,6928.24,4.4165
7/24/2014,6955.11,4.4027
7/25/2014,6954.88,4.3955
7/28/2014,6895.18,4.3867
7/29/2014,6892.89,4.4071
7/30/2014,6935.73,4.401
7/31/2014,6918.97,4.4278
8/1/2014,6939.99,4.4303
8/4/2014,6955.91,4.43
8/5/2014,6980.25,4.4425
8/6/2014,6964.16,4.4395
8/7/2014,6949.23,4.4441
8/8/2014,6915.4,4.4449
8/11/2014,6946.58,4.441
8/12/2014,6968.46,4.4395
8/13/2014,6994.64,4.4367
8/14/2014,6982.9,4.4374
8/18/2014,7067.33,4.4319
8/19/2014,7059.41,4.4305
8/20/2014,7074.47,4.4165
8/21/2014,7090.41,4.4018
8/22/2014,7039.43,4.3999
8/25/2014,7042.4,4.3962
8/26/2014,7040.78,4.3959
8/27/2014,7048.07,4.3931
8/28/2014,7050.56,4.405
8/29/2014,7145.71,4.3992
9/1/2014,7089.51,4.3949
9/2/2014,7098.35,4.4111
9/3/2014,7127.48,4.3995
9/4/2014,7134.28,4.3977
9/5/2014,7124.85,4.4015
9/8/2014,7114.1,4.4175
9/9/2014,7110.72,4.421
9/10/2014,7121.52,4.4187
9/11/2014,7083.71,4.4167
9/12/2014,7085.57,4.4192
9/15/2014,7124.08,4.4107
9/16/2014,7110.06,4.4144
9/17/2014,7176.2,4.4233
9/18/2014,7212.81,4.408
9/19/2014,7203.72,4.4004
9/22/2014,7237.26,4.4013
9/23/2014,7205.4,4.401
9/24/2014,7181.88,4.402
9/25/2014,7200.61,4.4095
9/26/2014,7169.86,4.4188
9/29/2014,7202.9,4.4085
9/30/2014,7263.23,4.411
10/1/2014,7278.03,4.4083
10/2/2014,7228.82,4.4149
10/3/2014,7246.34,4.4135
10/6/2014,7240.15,4.4098
10/7/2014,7231.95,4.406
10/8/2014,7145.66,4.407
10/9/2014,7130.77,4.4035
10/10/2014,7010.5,4.4049
10/13/2014,6978.15,4.4021
10/14/2014,6938.67,4.413
10/15/2014,6891.58,4.428
10/16/2014,6699.83,4.4198
10/17/2014,6810.34,4.4156
10/20/2014,6835.77,4.415
10/21/2014,6928.58,4.4167
10/22/2014,6986.11,4.424
10/23/2014,7066.94,4.4221
10/24/2014,7044.76,4.4214
10/27/2014,7036.24,4.4255
10/28/2014,7028.84,4.4212
10/29/2014,6996.34,4.4218
10/30/2014,6985.47,4.42
10/31/2014,7034.9,4.4105
11/3/2014,7022.36,4.4165
11/4/2014,6994.35,4.4145
11/5/2014,6945.93,4.4195
11/6/2014,6962.37,4.4275
11/7/2014,7009.95,4.4353
11/10/2014,7001.4,4.4261
11/11/2014,6962.84,4.426
11/12/2014,6959.52,4.4309
11/13/2014,6942.25,4.4295
11/14/2014,6954.78,4.4265
11/17/2014,6967.92,4.4358
11/18/2014,6946.85,4.4353
11/19/2014,6950.63,4.445
11/20/2014,6914.63,4.4425
11/21/2014,6949.79,4.437
11/24/2014,6934.17,4.4335
11/25/2014,6977.28,4.4333
11/26/2014,6965.57,4.417
11/27/2014,6964.42,4.421
11/28/2014,6936.54,4.432
12/2/2014,6926.72,4.4278
12/3/2014,6951.71,4.4258
12/4/2014,7000.87,4.4299
12/5/2014,7023.61,4.4365
12/8/2014,7008.8,4.4408
12/9/2014,6907.8,4.438
12/10/2014,6879.17,4.4465
12/11/2014,6742.43,4.4488
12/12/2014,6676.61,4.4953
12/15/2014,6666.45,4.4824
12/16/2014,6607.74,4.4805
12/17/2014,6503.12,4.477
12/18/2014,6703.05,4.4755
12/19/2014,6823.58,4.471
12/22/2014,6924.22,4.472
12/23/2014,6899.74,4.4858
12/29/2014,7015.23,4.471
12/30/2014,7083,4.488
1/5/2015,6970.85,4.4963
1/6/2015,6913.35,4.4985
1/7/2015,7004.75,4.4976
1/8/2015,7060.77,4.487
1/9/2015,7015.87,4.4925
1/12/2015,7017.66,4.4865
1/13/2015,7050.66,4.4925
1/14/2015,7014.14,4.4987
1/15/2015,6935.99,4.504
1/16/2015,6988.12,4.5019
1/19/2015,6971.36,4.5027
1/20/2015,7016.06,4.513
1/21/2015,7011.69,4.5018
1/22/2015,7038.1,4.4928
1/23/2015,7056.81,4.4833
1/26/2015,6999.1,4.475
1/27/2015,6951.37,4.4626
1/28/2015,7007.52,4.452
1/29/2015,7011.07,4.4415
1/30/2015,7033.17,4.436
2/2/2015,7014.88,4.4097
2/3/2015,7029.27,4.4073
2/4/2015,7064.17,4.4045
2/5/2015,7055.95,4.4163
2/6/2015,7058.61,4.4145
2/9/2015,7024.53,4.429
2/10/2015,7103.56,4.4355
2/11/2015,7158.24,4.4465
2/12/2015,7188.19,4.4383
2/13/2015,7194.98,4.4445
2/16/2015,7252.12,4.4453
2/17/2015,7224.38,4.4519
2/18/2015,7311.36,4.4493
2/19/2015,7285.89,4.4457
2/20/2015,7306.44,4.4602
2/23/2015,7337.76,4.4498
2/24/2015,7319.65,4.4431
2/25/2015,7251.07,4.4248
2/26/2015,7193.56,4.4311
2/27/2015,7145.43,4.432
3/2/2015,7196.81,4.4477
3/3/2015,7189.6,4.4595
3/4/2015,7200.93,4.4515
3/5/2015,7179.96,4.4455
3/6/2015,7155.22,4.4465
3/9/2015,7104.87,4.4405
3/10/2015,7072.45,4.4466
3/11/2015,7038.19,4.4455
3/12/2015,7100.74,4.4425
3/13/2015,7035.32,4.4436
3/16/2015,7031.34,4.4387
3/17/2015,6995.44,4.4445
3/18/2015,6955.72,4.4525
3/19/2015,6977.29,4.4269
3/20/2015,6931.32,4.4374
3/23/2015,7010.78,4.41
3/24/2015,6998.46,4.4078
3/25/2015,6996.61,4.4166
3/26/2015,7009.13,4.4296
3/27/2015,6999.38,4.4227
3/30/2015,7066.93,4.4025
3/31/2015,7076.33,4.413
4/1/2015,7074.71,4.4175
4/2/2015,7101.95,4.4175
4/3/2015,6972.59,4.4125
4/6/2015,6999.87,4.4175
4/7/2015,7030.55,4.4137
4/8/2015,7101.21,4.3975
4/9/2015,7207.67,4.3968
4/10/2015,7253.95,4.4105
4/14/2015,7336.35,4.4117
4/15/2015,7349.42,4.4245
4/16/2015,7427.51,4.41
4/17/2015,7552.76,4.4246
4/20/2015,7500.75,4.4377
4/21/2015,7503.56,4.4349
4/22/2015,7461.87,4.4225
4/23/2015,7533.03,4.42
4/24/2015,7561.9,4.4155
4/27/2015,7586.21,4.412
4/28/2015,7523.04,4.3798
4/29/2015,7481.96,4.4087
4/30/2015,7547.46,4.4218
5/4/2015,7601.96,4.4328
5/5/2015,7604.96,4.432
5/6/2015,7561.91,4.4435
5/7/2015,7565.18,4.439
5/8/2015,7583.88,4.4447
5/11/2015,7562.09,4.4497
5/12/2015,7557.47,4.4665
5/13/2015,7526.17,4.461
5/14/2015,7472.83,4.4509
5/15/2015,7449.65,4.4345
5/18/2015,7483.25,4.4516
5/19/2015,7518.72,4.4456
5/20/2015,7478.09,4.4465
5/21/2015,7464.07,4.447
5/22/2015,7461.68,4.4566
5/25/2015,7451.82,4.4536
5/26/2015,7443.27,4.4579
5/27/2015,7422.91,4.4437
5/28/2015,7423.96,4.4439
5/29/2015,7507.29,4.4425
6/2/2015,7543.51,4.4409
6/3/2015,7538.74,4.4237
6/4/2015,7480.67,4.436
6/5/2015,7441.02,4.4575
6/8/2015,7398.58,4.4716
6/9/2015,7395.53,4.477
6/10/2015,7397.03,4.4675
6/11/2015,7355.95,4.4639
6/12/2015,7368.6,4.4785
6/15/2015,7302.06,4.4895
6/16/2015,7236.53,4.48
6/17/2015,7275.48,4.4865
6/18/2015,7279.7,4.4887
6/19/2015,7285.41,4.4957
6/22/2015,7293.87,4.4887
6/23/2015,7227.56,4.475
6/24/2015,7250.06,4.4727
6/25/2015,7261.02,4.4498
6/26/2015,7320.83,4.4648
6/29/2015,7264.7,4.5025
6/30/2015,7298.33,4.4749
7/1/2015,7381.94,4.4775
7/2/2015,7323.74,4.4785
7/3/2015,7264.85,4.4635
7/6/2015,7227.43,4.4866
7/7/2015,7216.85,4.4832
7/8/2015,7182.84,4.4855
7/9/2015,7179.54,4.4717
7/10/2015,7290.98,4.442
7/13/2015,7385.81,4.4215
7/14/2015,7394.63,4.4131
7/15/2015,7463.56,4.4329
7/16/2015,7529.25,4.416
7/17/2015,7593.32,4.4188
7/20/2015,7608.02,4.4116
7/21/2015,7561.26,4.417
7/22/2015,7533.05,4.4225
7/23/2015,7531.68,4.422
7/24/2015,7536.99,4.4258
7/27/2015,7525.91,4.417
7/28/2015,7554.78,4.4155
7/29/2015,7556.44,4.415
7/30/2015,7606.54,4.403
7/31/2015,7603.24,4.4085
8/3/2015,7543.31,4.4099
8/4/2015,7599.81,4.4118
8/5/2015,7595.48,4.4082
8/6/2015,7592.31,4.4121
8/7/2015,7601.51,4.4101
8/10/2015,7638.89,4.4115
8/11/2015,7597.41,4.4127
8/12/2015,7477.54,4.4085
8/13/2015,7506.67,4.4113
8/14/2015,7495.59,4.4269
8/17/2015,7394.18,4.4288
8/18/2015,7395.33,4.4281
8/19/2015,7415.28,4.4315
8/20/2015,7374.44,4.424
8/21/2015,7299.95,4.4375
8/24/2015,6838.37,4.4288
8/25/2015,7044.14,4.436
8/26/2015,6996.31,4.443
8/27/2015,7082.62,4.438
8/28/2015,7019.45,4.427
8/31/2015,6997.79,4.4313
9/1/2015,6966.38,4.4385
9/2/2015,7009.14,4.4368
9/3/2015,7083.53,4.4218
9/4/2015,7078,4.4275
9/7/2015,7062.42,4.4278
9/8/2015,7105.91,4.4253
9/9/2015,7200.18,4.4197
9/10/2015,7163.6,4.4115
9/11/2015,7120.36,4.4189
9/14/2015,7156.55,4.4159
9/15/2015,7107.93,4.4173
9/16/2015,7123.25,4.4197
9/17/2015,7138.08,4.4211
9/18/2015,7113.4,4.4226
9/21/2015,7212.92,4.4188
9/22/2015,7113.97,4.4229
9/23/2015,7150.24,4.4208
9/24/2015,7121.06,4.4202
9/25/2015,7190.37,4.41
9/28/2015,7059.17,4.4167
9/29/2015,7041.2,4.4176
9/30/2015,6981.62,4.4189
10/1/2015,7004.48,4.4145
10/2/2015,7050.65,4.4195
10/5/2015,7054.21,4.4139
10/6/2015,6985.78,4.4172
10/7/2015,6998.89,4.4158
10/8/2015,7046.93,4.4153
10/9/2015,7123.47,4.415
10/12/2015,7138.65,4.4124
10/13/2015,7097.27,4.4137
10/14/2015,7105.97,4.4164
10/15/2015,7087.97,4.42
10/16/2015,7093.47,4.4155
10/19/2015,7087.49,4.423
10/20/2015,7025.18,4.4278
10/21/2015,7041.07,4.4302
10/22/2015,7045.23,4.4257
10/23/2015,7124.3,4.4357
10/26/2015,7128.42,4.438
10/27/2015,7068.63,4.4418
10/28/2015,7096.87,4.4345
10/29/2015,7153.99,4.44
10/30/2015,7205.3,4.436
11/2/2015,7237.71,4.4314
11/3/2015,7345.21,4.4344
11/4/2015,7349.82,4.447
11/5/2015,7286.77,4.4569
11/6/2015,7319.65,4.4588
11/9/2015,7290.21,4.4603
11/10/2015,7290.08,4.443
11/11/2015,7285.34,4.4375
11/12/2015,7303.71,4.44
11/13/2015,7289.14,4.4395
11/16/2015,7163.15,4.4381
11/17/2015,7189.94,4.44
11/18/2015,7174.47,4.4446
11/19/2015,7203.13,4.4362
11/20/2015,7230.76,4.4499
11/23/2015,7286.18,4.4475
11/24/2015,7254.25,4.4505
11/25/2015,7148.24,4.4453
11/26/2015,7152.15,4.4428
11/27/2015,7018.11,4.4506
12/2/2015,6990.39,4.4633
12/3/2015,7020.61,4.4669
12/4/2015,7019.25,4.4838
12/7/2015,7098.52,4.4804
12/8/2015,7070.06,4.4862
12/9/2015,7035.95,4.4957
12/10/2015,7026.77,4.5178
12/11/2015,6943.7,4.5223
12/14/2015,6881.48,4.5054
12/15/2015,6861.73,4.495
12/16/2015,6794.75,4.5179
12/17/2015,6800.81,4.515
12/18/2015,6801.09,4.5113
12/21/2015,6900.95,4.513
12/22/2015,6951.53,4.521
12/23/2015,6987.23,4.5258
12/28/2015,7001.12,4.527
12/29/2015,6980.69,4.54
12/30/2015,7004.32,4.5291
1/4/2016,6906.01,4.525
1/5/2016,6867.05,4.5187
1/6/2016,6803.92,4.5237
1/7/2016,6760.82,4.529
1/8/2016,6708.54,4.5255
1/11/2016,6608.41,4.532
1/12/2016,6568.97,4.5299
1/13/2016,6573.13,4.535
1/14/2016,6414.92,4.5345
1/15/2016,6340.38,4.5411
1/18/2016,6018.98,4.5345
1/19/2016,6175.52,4.5342
1/20/2016,6062.97,4.5348
1/21/2016,6265.3,4.5295
1/22/2016,6377.36,4.5322
1/25/2016,6255.87,4.5285
1/26/2016,6244.56,4.531
1/27/2016,6260.44,4.5411
1/28/2016,6245.39,4.5425
1/29/2016,6268.84,4.55
2/1/2016,6322.44,4.5232
2/2/2016,6305.73,4.5163
2/3/2016,6289.55,4.5127
2/4/2016,6393.99,4.5073
2/5/2016,6380.36,4.4935
2/8/2016,6238.58,4.4807
2/9/2016,6172.77,4.4891
2/10/2016,6133.17,4.477
2/11/2016,6039.86,4.4767
2/12/2016,6064.63,4.4755
2/15/2016,6136,4.469
2/16/2016,6113.9,4.4618
2/17/2016,6173.4,4.4613
2/18/2016,6212.22,4.4648
2/19/2016,6276.85,4.4845
2/22/2016,6337.5,4.4748
2/23/2016,6360.26,4.477
2/24/2016,6248.45,4.4778
2/25/2016,6364.81,4.4692
2/26/2016,6498.21,4.4675
2/29/2016,6389.4,4.4653
3/1/2016,6508.04,4.468
3/2/2016,6539.01,4.4563
3/3/2016,6563.98,4.463
3/4/2016,6556.57,4.4605
3/7/2016,6625.94,4.4625
3/8/2016,6673.9,4.4662
3/9/2016,6638.73,4.4609
3/10/2016,6615.3,4.464
3/11/2016,6607.09,4.4665
3/14/2016,6649.1,4.4673
3/15/2016,6627.85,4.475
3/16/2016,6686.75,4.481
3/17/2016,6754.83,4.476
3/18/2016,6826.4,4.4735
3/21/2016,6790.4,4.4688
3/22/2016,6782.24,4.467
3/23/2016,6773.03,4.4638
3/24/2016,6740.8,4.464
3/25/2016,6755.54,4.4635
3/28/2016,6752.61,4.4626
3/29/2016,6711.78,4.4657
3/30/2016,6715.45,4.467
3/31/2016,6737.73,4.4696
4/1/2016,6705.17,4.4685
4/4/2016,6732.01,4.4645
4/5/2016,6679.03,4.4645
4/6/2016,6693.16,4.468
4/7/2016,6720.61,4.4688
4/8/2016,6728.47,4.4659
4/11/2016,6711.92,4.4678
4/12/2016,6707.98,4.47
4/13/2016,6731.98,4.4706
4/14/2016,6726.46,4.473
4/15/2016,6662.89,4.4784
4/18/2016,6622.91,4.4792
4/19/2016,6630.27,4.4769
4/20/2016,6576.37,4.4793
4/21/2016,6547.97,4.4805
4/22/2016,6560.62,4.476
4/25/2016,6566.25,4.48
4/26/2016,6579.66,4.4724
4/27/2016,6529.25,4.4625
4/28/2016,6544.07,4.4755
4/29/2016,6447.99,4.48
5/3/2016,6405.92,4.4896
5/4/2016,6430.08,4.5045
5/5/2016,6474.34,4.5037
5/6/2016,6442.93,4.495
5/9/2016,6464.45,4.4875
5/10/2016,6474.84,4.4865
5/11/2016,6458.99,4.4935
5/12/2016,6449.49,4.497
5/13/2016,6462.97,4.4919
5/16/2016,6445.13,4.487
5/17/2016,6408.02,4.4862
5/18/2016,6435.74,4.5113
5/19/2016,6382.16,4.5029
5/20/2016,6367.12,4.5158
5/23/2016,6385.89,4.5144
5/24/2016,6405.82,4.5085
5/25/2016,6409.39,4.5029
5/26/2016,6441.01,4.507
5/27/2016,6472.8,4.5063
5/30/2016,6350.9,4.5035
5/31/2016,6360.32,4.5178
6/1/2016,6464.56,4.5201
6/2/2016,6574.4,4.5158
6/3/2016,6545.7,4.5184
6/6/2016,6561.15,4.5093
6/7/2016,6628.49,4.5076
6/8/2016,6661.93,4.5058
6/9/2016,6514.67,4.509
6/10/2016,6410.34,4.5165
6/13/2016,6406.54,4.5155
6/14/2016,6422.45,4.5248
6/15/2016,6518.28,4.5342
6/16/2016,6466.28,4.5401
6/17/2016,6487.63,4.5448
6/21/2016,6507.75,4.5396
6/22/2016,6500.53,4.5248
6/23/2016,6495.34,4.5091
6/24/2016,6266.14,4.5294
6/27/2016,6271.89,4.529
6/28/2016,6443.76,4.5283
6/29/2016,6503.71,4.528
6/30/2016,6473.41,4.5239
7/1/2016,6487.06,4.52
7/4/2016,6483.82,4.5162
7/5/2016,6513.14,4.5258
7/6/2016,6434.22,4.5195
7/7/2016,6476.58,4.5171
7/8/2016,6472.6,4.5074
7/11/2016,6488.52,4.4921
7/12/2016,6530.36,4.4897
7/13/2016,6577.9,4.4905
7/14/2016,6580.4,4.4855
7/15/2016,6614.6,4.4795
7/18/2016,6623.23,4.4688
7/19/2016,6645.06,4.4708
7/20/2016,6664.72,4.469
7/21/2016,6634.63,4.4568
7/22/2016,6638.03,4.4567
7/25/2016,6654.22,4.4536
7/26/2016,6655.22,4.4651
7/27/2016,6727.32,4.4609
7/28/2016,6694.09,4.4635
7/29/2016,6725.19,4.4573
8/1/2016,6740.71,4.4548
8/2/2016,6684.73,4.4533
8/3/2016,6666.06,4.4528
8/4/2016,6707.5,4.458
8/5/2016,6752.01,4.4568
8/8/2016,6846.54,4.4587
8/9/2016,6880.09,4.4594
8/10/2016,6832.44,4.4583
8/11/2016,6834.61,4.4588
8/12/2016,6789.05,4.4601
8/16/2016,6865.23,4.4595
8/17/2016,6866.19,4.4757
8/18/2016,6898.58,4.4708
8/19/2016,6907.86,4.4686
8/22/2016,6874.44,4.454
8/23/2016,6895.55,4.4585
8/24/2016,6952.84,4.4535
8/25/2016,6962.39,4.4521
8/26/2016,6985.27,4.4571
8/29/2016,6998.51,4.4528
8/30/2016,7021.9,4.4563
8/31/2016,7035.72,4.453
9/1/2016,7028.44,4.4523
9/2/2016,7004.84,4.448
9/5/2016,7026.05,4.4488
9/6/2016,7038.71,4.4519
9/7/2016,7086.04,4.4472
9/8/2016,7060.84,4.4475
9/9/2016,7027.24,4.4445
9/12/2016,6911.19,4.4468
9/13/2016,6939.27,4.4475
9/14/2016,6931.06,4.447
9/15/2016,6939.78,4.4468
9/16/2016,6979.15,4.4492
9/19/2016,6969.95,4.4485
9/20/2016,6980.2,4.4499
9/21/2016,7036.36,4.4478
9/22/2016,7045.48,4.4488
9/23/2016,7000.27,4.4513
9/26/2016,6955.06,4.45
9/27/2016,6913.08,4.4501
9/28/2016,6946.93,4.449
9/29/2016,6981.03,4.4563
9/30/2016,6936.84,4.4429
10/3/2016,6956.48,4.4513
10/4/2016,6981.98,4.458
10/5/2016,6963.66,4.4609
10/6/2016,6944.44,4.4771
10/7/2016,6943.45,4.513
10/10/2016,6911.52,4.4948
10/11/2016,6926.71,4.485
10/12/2016,6919.39,4.4996
10/13/2016,6858.69,4.4998
10/14/2016,6897.37,4.5084
10/17/2016,6868.02,4.5138
10/18/2016,6844.47,4.5035
10/19/2016,6878,4.499
10/20/2016,6908.27,4.5019
10/21/2016,6862.03,4.5075
10/24/2016,6853.65,4.5052
10/25/2016,6793.04,4.4925
10/26/2016,6782.31,4.4978
10/27/2016,6838.37,4.5015
10/28/2016,6829.12,4.5062
10/31/2016,6811.06,4.5047
11/1/2016,6843.18,4.4989
11/2/2016,6794.86,4.499
11/3/2016,6807.91,4.4978
11/4/2016,6780.9,4.496
11/7/2016,6822.17,4.4989
11/8/2016,6810.68,4.5095
11/9/2016,6780.82,4.5047
11/10/2016,6845.53,4.5057
11/11/2016,6849.8,4.5185
11/14/2016,6854.72,4.5155
11/15/2016,6875.76,4.5115
11/16/2016,6843.14,4.5216
11/17/2016,6859.05,4.5146
11/18/2016,6824.19,4.5135
11/21/2016,6840.88,4.5108
11/22/2016,6852.19,4.5101
11/23/2016,6838.27,4.5047
11/24/2016,6836.15,4.512
11/25/2016,6836.12,4.5143
11/28/2016,6789.5,4.5135
11/29/2016,6833.93,4.5096
12/2/2016,6948.28,4.5114
12/5/2016,6915.35,4.4988
12/6/2016,6888.02,4.5018
12/7/2016,6874.31,4.4981
12/8/2016,6861.4,4.4999
12/9/2016,6894.98,4.5023
12/12/2016,6954.09,4.4981
12/13/2016,6985.06,4.5086
12/14/2016,7009.51,4.5205
12/15/2016,6998.56,4.5215
12/16/2016,7056.79,4.5115
12/19/2016,7059.75,4.519
12/20/2016,7022.02,4.5125
12/21/2016,7022.57,4.5143
12/22/2016,7021.91,4.5275
12/23/2016,7013.61,4.5335
12/27/2016,7020.6,4.5345
12/28/2016,7029.38,4.542
12/29/2016,7072.28,4.5345
12/30/2016,7085.05,4.5378
1/3/2017,7164.35,4.5235
1/4/2017,7215.49,4.51
1/5/2017,7200.57,4.5075
1/6/2017,7219.27,4.5068
1/9/2017,7248.46,4.4919
1/10/2017,7244.11,4.4972
1/11/2017,7238.7,4.495
1/12/2017,7178.33,4.494
1/13/2017,7143.96,4.4973
1/16/2017,7142.13,4.501
1/17/2017,7162.29,4.501
1/18/2017,7178.1,4.4971
1/19/2017,7223.69,4.5
1/20/2017,7289.73,4.498
1/23/2017,7271,4.5008
1/25/2017,7385.98,4.5002
1/26/2017,7401.72,4.4979
1/27/2017,7495.74,4.5221
1/30/2017,7484.36,4.5
1/31/2017,7517.85,4.495
2/1/2017,7527.94,4.5409
2/2/2017,7473.61,4.5215
2/3/2017,7492.76,4.5243
2/6/2017,7586.55,4.5048
2/7/2017,7629.13,4.4878
2/8/2017,7605.17,4.4885
2/9/2017,7627.44,4.4967
2/10/2017,7668.55,4.496
2/13/2017,7640.89,4.5007
2/14/2017,7609.25,4.5046
2/15/2017,7676.01,4.5115
2/16/2017,7711.84,4.5239
2/17/2017,7745.39,4.5246
2/20/2017,7796.14,4.5215
2/21/2017,7912.64,4.514
2/22/2017,8035.25,4.5178
2/23/2017,8045.01,4.5169
2/24/2017,7953.87,4.5265
2/27/2017,8009.95,4.5145
2/28/2017,7969.94,4.5227
3/1/2017,8037.45,4.524
3/2/2017,7973,4.522
3/3/2017,7978.97,4.5336
3/6/2017,7923.39,4.5345
3/7/2017,7905.57,4.5419
3/8/2017,7899.41,4.5407
3/9/2017,7870.27,4.5478
3/10/2017,7894.09,4.5478
3/13/2017,7890.13,4.5534
3/14/2017,7890.26,4.5433
3/15/2017,7952.83,4.5512
3/16/2017,7923.82,4.5567
3/17/2017,7969.41,4.5516
3/20/2017,7967.09,4.5624
3/21/2017,7974.92,4.5588
3/22/2017,7969.25,4.558
3/23/2017,7961.53,4.5559
3/24/2017,7981.01,4.5499
3/27/2017,7961.02,4.5526
3/28/2017,7953.88,4.5545
3/29/2017,7942.76,4.5555
3/30/2017,8018.47,4.5515
3/31/2017,8069.34,4.5539
4/3/2017,8155.65,4.5478
4/4/2017,8167.94,4.543
4/5/2017,8201.83,4.5289
4/6/2017,8181.67,4.5232
4/7/2017,8209.22,4.521
4/10/2017,8214.81,4.5097
4/11/2017,8200.18,4.515
4/12/2017,8217.83,4.5174
4/13/2017,8258.06,4.5224
4/14/2017,8258.73,4.5245
4/18/2017,8232.65,4.5254
4/19/2017,8196.11,4.5405
4/20/2017,8209.66,4.5415
4/21/2017,8232.84,4.5352
4/24/2017,8296.75,4.5285
4/25/2017,8260.33,4.5235
4/26/2017,8238.13,4.5338
4/27/2017,8184.77,4.5338
4/28/2017,8230.46,4.5392
5/2/2017,8220.1,4.5499
5/3/2017,8209.88,4.5455
5/4/2017,8235.9,4.5474
5/5/2017,8298.65,4.5515
5/8/2017,8297.29,4.5484
5/9/2017,8315.7,4.55
5/10/2017,8319.66,4.5535
5/11/2017,8365.02,4.5469
5/12/2017,8407.67,4.547
5/15/2017,8460.29,4.552
5/16/2017,8454.74,4.5489
5/17/2017,8456.61,4.5685
5/18/2017,8430.33,4.5675
5/19/2017,8485.6,4.5595
5/22/2017,8504.31,4.5606
5/23/2017,8508.28,4.5535
5/24/2017,8549.06,4.551
5/25/2017,8590.18,4.5524
5/26/2017,8647.49,4.5615
5/29/2017,8673.5,4.566
5/30/2017,8688.5,4.5727
5/31/2017,8769.41,4.5661
6/6/2017,8707.43,4.5658
6/7/2017,8686.62,4.5705
6/8/2017,8673.56,4.5655
6/9/2017,8515.4,4.5619
6/12/2017,8451.2,4.5612
6/13/2017,8446.23,4.5665
6/14/2017,8477.12,4.5775
6/15/2017,8406.29,4.5855
6/16/2017,8467.67,4.5836
6/19/2017,8412.25,4.5944
6/20/2017,8376.5,4.5976
6/21/2017,8374.51,4.5975
6/22/2017,8336.85,4.575
6/23/2017,8347.55,4.5716
6/26/2017,8237.58,4.5761
6/27/2017,8204.71,4.564
6/28/2017,8168.37,4.5482
6/29/2017,7855.66,4.5698
6/30/2017,7855.36,4.5634
7/3/2017,7856.03,4.573
7/4/2017,7928.67,4.5843
7/5/2017,8142.4,4.5913
7/6/2017,8079.23,4.5915
7/7/2017,8044.79,4.5735
7/10/2017,8112.16,4.5703
7/11/2017,8157.81,4.571
7/12/2017,8171.96,4.5638
7/13/2017,8160.99,4.5665
7/14/2017,8132.73,4.5637
7/17/2017,8155.34,4.5613
7/18/2017,8212.75,4.5614
7/19/2017,8268.77,4.5678
7/20/2017,8369.11,4.5688
7/21/2017,8374.71,4.5701
7/24/2017,8340.23,4.5615
7/25/2017,8328.73,4.5642
7/26/2017,8323.4,4.5663
7/27/2017,8319.57,4.5638
7/28/2017,8303.03,4.5601
7/31/2017,8276.55,4.5605
8/1/2017,8285.16,4.5555
8/2/2017,8299.22,4.5608
8/3/2017,8340.84,4.5603
8/4/2017,8328.92,4.5625
8/7/2017,8373.74,4.562
8/8/2017,8454.63,4.5641
8/9/2017,8395.13,4.5685
8/10/2017,8331.22,4.5745
8/11/2017,8317.31,4.5735
8/14/2017,8334.28,4.5732
8/16/2017,8292.2,4.5848
8/17/2017,8332.36,4.5835
8/18/2017,8302.86,4.5887
8/21/2017,8317.95,4.5852
8/22/2017,8351.58,4.5843
8/23/2017,8352.09,4.587
8/24/2017,8348.76,4.5838
8/25/2017,8378.93,4.598
8/28/2017,8363.14,4.5971
8/29/2017,8307.53,4.5905
8/30/2017,8226.6,4.5922
8/31/2017,8052.03,4.5979
9/1/2017,8119.76,4.5953
9/4/2017,8028.54,4.5926
9/5/2017,8057.58,4.5938
9/6/2017,8015.73,4.5953
9/7/2017,7978.62,4.5979
9/8/2017,7862.15,4.6017
9/11/2017,8058.72,4.5967
9/12/2017,8009.44,4.601
9/13/2017,8040.06,4.6017
9/14/2017,8024.04,4.6017
9/15/2017,8013.32,4.6019
9/18/2017,7995.97,4.598
9/19/2017,7977.03,4.6013
9/20/2017,7918.05,4.5972
9/21/2017,7886.13,4.5975
9/22/2017,7848.1,4.5978
9/25/2017,7888.64,4.5991
9/26/2017,7942.5,4.6006
9/27/2017,7914.24,4.5981
9/28/2017,7934.63,4.6018
9/29/2017,7877.92,4.5953
10/2/2017,7894.26,4.5855
10/3/2017,7888.01,4.5866
10/4/2017,7888.66,4.5784
10/5/2017,7904.62,4.574
10/6/2017,7984.32,4.5771
10/9/2017,8006.37,4.5703
10/10/2017,8022.51,4.5865
10/11/2017,8004.84,4.5851
10/12/2017,7997.22,4.5875
10/13/2017,8034.96,4.5855
10/16/2017,8032.38,4.5835
10/17/2017,8063.8,4.584
10/18/2017,8053.35,4.5876
10/19/2017,8005.77,4.5985
10/20/2017,7933.48,4.5998
10/23/2017,7900.58,4.5971
10/24/2017,7890.9,4.5988
10/25/2017,7880.7,4.5991
10/26/2017,7879.53,4.5974
10/27/2017,7857.79,4.6088
10/30/2017,7845.51,4.5992
10/31/2017,7842.76,4.6036
11/1/2017,7790.33,4.6042
11/2/2017,7776.39,4.5994
11/3/2017,7748.23,4.5938
11/6/2017,7784.05,4.5908
11/7/2017,7747.69,4.6328
11/8/2017,7777.27,4.6238
11/9/2017,7746.99,4.6395
11/10/2017,7771.63,4.6456
11/13/2017,7738.66,4.651
11/14/2017,7804.73,4.6434
11/15/2017,7731.54,4.6378
11/16/2017,7716.26,4.638
11/17/2017,7772.14,4.6388
11/20/2017,7813.85,4.6476
11/21/2017,7818.89,4.6463
11/22/2017,7772.96,4.6506
11/23/2017,7778.69,4.6521
11/24/2017,7782.8,4.6391
11/27/2017,7737.64,4.6396
11/28/2017,7802.62,4.6418
11/29/2017,7796.21,4.6437
12/4/2017,7782.46,4.6313
12/5/2017,7720.17,4.629
12/6/2017,7670.16,4.6314
12/7/2017,7671.61,4.6275
12/8/2017,7693.55,4.6327
12/11/2017,7614.51,4.6326
12/12/2017,7591.68,4.6296
12/13/2017,7546.07,4.6316
12/14/2017,7587.26,4.6309
12/15/2017,7603.31,4.622
12/18/2017,7665.49,4.6156
12/19/2017,7769.44,4.619
12/20/2017,7800.4,4.6253
12/21/2017,7794.33,4.6339
12/22/2017,7796.52,4.6392
12/27/2017,7722.38,4.6491
12/28/2017,7722.36,4.6551
12/29/2017,7753.74,4.6666
1/3/2018,7910.81,4.6223
1/4/2018,7965.7,4.632
1/5/2018,7985.82,4.6308
1/8/2018,7982.75,4.6506
1/9/2018,8034.76,4.6463
1/10/2018,8034.85,4.6396
1/11/2018,8167.91,4.6403
1/12/2018,8269.05,4.6332
1/15/2018,8254.85,4.6388
1/16/2018,8233.13,4.6572
1/17/2018,8316.59,4.6456
1/18/2018,8374.67,4.6528
1/19/2018,8361.95,4.6615
1/22/2018,8490.52,4.6672
1/23/2018,8436.41,4.6671
1/25/2018,8413.46,4.675
1/26/2018,8434.44,4.6616
1/29/2018,8423.91,4.6547
1/30/2018,8363.37,4.6522
1/31/2018,8370.46,4.651
2/1/2018,8318.61,4.6518
2/2/2018,8243.25,4.6467
2/5/2018,8181.68,4.6372
2/6/2018,8007.41,4.6512
2/7/2018,8014.29,4.656
2/8/2018,8067.56,4.6551
2/9/2018,8002.55,4.6511
2/12/2018,8109.49,4.6551
2/13/2018,8138.07,4.6607
2/14/2018,8167.16,4.6606
2/15/2018,8258.97,4.6632
2/16/2018,8328.5,4.6613
2/19/2018,8315.03,4.6615
2/20/2018,8307.04,4.6603
2/21/2018,8281.28,4.6592
2/22/2018,8290.73,4.6557
2/23/2018,8356.13,4.653
2/26/2018,8379.01,4.6582
2/27/2018,8415.23,4.6637
2/28/2018,8452.41,4.6565
3/1/2018,8411.68,4.6591
3/2/2018,8352.22,4.6612
3/5/2018,8384.01,4.6599
3/6/2018,8432.84,4.6614
3/7/2018,8443.16,4.6596
3/8/2018,8471.65,4.6567
3/9/2018,8477.18,4.6585
3/12/2018,8559.15,4.662
3/13/2018,8608.3,4.6727
3/14/2018,8601.51,4.6618
3/15/2018,8687.83,4.6676
3/16/2018,8816.96,4.6703
3/19/2018,8775.38,4.6667
3/20/2018,8731.99,4.6655
3/21/2018,8790.59,4.6681
3/22/2018,8643.85,4.6679
3/23/2018,8660.99,4.663
3/26/2018,8722.84,4.6522
3/27/2018,8740.63,4.6536
3/28/2018,8726.88,4.6532
3/29/2018,8680.28,4.6601
3/30/2018,8714.17,4.6544
4/2/2018,8769.26,4.6608
4/3/2018,8764.69,4.6588
4/4/2018,8756.18,4.6641
4/5/2018,8861.11,4.6633
4/10/2018,8841.74,4.6566
4/11/2018,8828.34,4.6618
4/12/2018,8928.03,4.6598
4/13/2018,8871.04,4.6608
4/16/2018,8903.6,4.6383
4/17/2018,8926.65,4.6443
4/18/2018,8933.46,4.6528
4/19/2018,8952.47,4.6582
4/20/2018,8920.49,4.6581
4/23/2018,8957.03,4.6585
4/24/2018,9005.21,4.6525
4/25/2018,9006.1,4.6465
4/26/2018,8906.42,4.6606
4/27/2018,8780.22,4.6631
4/30/2018,8713.14,4.6611
5/2/2018,8731.02,4.6633
5/3/2018,8705.1,4.6662
5/4/2018,8788.32,4.6594
5/7/2018,8849.35,4.6568
5/8/2018,8762.92,4.6511
5/9/2018,8750.27,4.6455
5/10/2018,8811.22,4.638
5/11/2018,8775.91,4.6355
5/14/2018,8755.58,4.6252
5/15/2018,8680.35,4.6362
5/16/2018,8576.5,4.6343
5/17/2018,8511.49,4.6355
5/18/2018,8409.7,4.6325
5/21/2018,8260.86,4.623
5/22/2018,8429.08,4.6273
5/23/2018,8345.65,4.6267
5/24/2018,8264.44,4.6288
5/25/2018,8263.1,4.6282
5/29/2018,8201.96,4.6441
5/30/2018,8018.66,4.6491
5/31/2018,8080.1,4.6624
6/4/2018,8093.25,4.6573
6/5/2018,8250.17,4.6512
6/6/2018,8289.31,4.6552
6/7/2018,8284.58,4.6592
6/8/2018,8253.12,4.6585
6/11/2018,8257.51,4.663
6/12/2018,8292.01,4.6623
6/13/2018,8292.54,4.6663
6/14/2018,8165,4.6651
6/15/2018,8201.28,4.6635
6/18/2018,8163.77,4.6683
6/19/2018,8087.71,4.6704
6/20/2018,8135.47,4.672
6/21/2018,8124,4.6696
6/22/2018,8108.84,4.662
6/25/2018,7965.65,4.6673
6/26/2018,7965.38,4.6618
6/27/2018,7940.99,4.6533
6/28/2018,7990.67,4.6603
6/29/2018,8087.01,4.6639
7/2/2018,8020.17,4.6623
7/3/2018,7943.05,4.6588
7/4/2018,7899.99,4.6623
7/5/2018,7814.5,4.6617
7/6/2018,7835.34,4.6538
7/9/2018,7865.4,4.6589
7/10/2018,7876.1,4.6572
7/11/2018,7892.87,4.6589
7/12/2018,7920.42,4.6596
7/13/2018,7933.45,4.6525
7/16/2018,7984.18,4.6568
7/17/2018,8005.25,4.6509
7/18/2018,7990.15,4.6548
7/19/2018,7863.76,4.6532
7/20/2018,7898.09,4.6529
7/23/2018,7949.39,4.6463
7/24/2018,7954.72,4.6302
7/25/2018,7953.86,4.6219
7/26/2018,8016.71,4.6375
7/27/2018,8040.78,4.6238
7/30/2018,8060.24,4.6253
7/31/2018,7977.74,4.6223
8/1/2018,8012.24,4.6195
8/2/2018,7994.11,4.6221
8/3/2018,8088.71,4.6182
8/6/2018,8187.05,4.641
8/7/2018,8189.94,4.6451
8/8/2018,8231.38,4.6401
8/9/2018,8203.98,4.6548
8/10/2018,8154.49,4.6564
8/13/2018,8095.38,4.6593
8/14/2018,8084.04,4.6558
8/16/2018,8127.85,4.6565
8/17/2018,8185.49,4.655
8/20/2018,8234.8,4.6476
8/21/2018,8211.84,4.6428
8/22/2018,8189.52,4.6457
8/23/2018,8207.23,4.6343
8/24/2018,8271.66,4.6371
8/27/2018,8301.28,4.6431
8/28/2018,8373.53,4.6431
8/29/2018,8332.93,4.6304
8/30/2018,8342.44,4.6476
8/31/2018,8274.54,4.635
9/3/2018,8309.44,4.6328
9/4/2018,8346.07,4.6285
9/5/2018,8313.26,4.6382
9/6/2018,8321.09,4.6392
9/7/2018,8304.71,4.6223
9/10/2018,8331.45,4.6275
9/11/2018,8282.11,4.6317
9/12/2018,8261.86,4.6358
9/13/2018,8206,4.6409
9/14/2018,8162.69,4.64
9/17/2018,8170.91,4.645
9/18/2018,8286.98,4.6469
9/19/2018,8294.54,4.6508
9/20/2018,8354.33,4.654
9/21/2018,8382.72,4.6563
9/24/2018,8377.37,4.6573
9/25/2018,8378.04,4.6595
9/26/2018,8374.9,4.6595
9/27/2018,8446.41,4.6619
9/28/2018,8412.72,4.6535
10/1/2018,8441.26,4.6639
10/2/2018,8511.54,4.6679
10/3/2018,8490.84,4.6665
10/4/2018,8512.01,4.6718
10/5/2018,8554.15,4.6713
10/8/2018,8521.11,4.6685
10/9/2018,8545.34,4.6613
10/10/2018,8487.88,4.6668
10/11/2018,8401.96,4.6649
10/12/2018,8393.9,4.6649
10/15/2018,8441.69,4.6638
10/16/2018,8560.32,4.6672
10/17/2018,8670.3,4.6665
10/18/2018,8599.66,4.672
10/19/2018,8600.27,4.6683
10/22/2018,8615.95,4.6658
10/23/2018,8641.52,4.6647
10/24/2018,8626.14,4.6593
10/25/2018,8497.16,4.6612
10/26/2018,8412.36,4.6606
10/29/2018,8504.83,4.6675
10/30/2018,8489.68,4.6657
10/31/2018,8519.21,4.6638
11/1/2018,8560.18,4.6632
11/2/2018,8563.37,4.6592
11/5/2018,8573.48,4.6606
11/6/2018,8618.62,4.6623
11/7/2018,8671.98,4.6613
11/8/2018,8571.53,4.6566
11/9/2018,8657.22,4.6581
11/12/2018,8661.23,4.6557
11/13/2018,8670.05,4.6585
11/14/2018,8550.55,4.6598
11/15/2018,8573.66,4.6631
11/16/2018,8574.88,4.6628
11/19/2018,8566.3,4.6662
11/20/2018,8499.23,4.6646
11/21/2018,8535.5,4.6624
11/22/2018,8514.96,4.659
11/23/2018,8522.78,4.6594
11/26/2018,8515.53,4.6607
11/27/2018,8573.96,4.6568
11/28/2018,8578.29,4.6448
11/29/2018,8665.36,4.6598
12/3/2018,8751.93,4.6494
12/4/2018,8786.58,4.6518
12/5/2018,8749.59,4.6545
12/6/2018,8656.79,4.652
12/7/2018,8684.75,4.6471
12/10/2018,8558.55,4.652
12/11/2018,8581.09,4.6568
12/12/2018,8567.83,4.6523
12/13/2018,8588.43,4.6528
12/14/2018,8574.48,4.6555
12/17/2018,8524.69,4.6496
12/18/2018,8419.19,4.6449
12/19/2018,7475.22,4.6604
12/20/2018,7332.71,4.6354
12/21/2018,6961.86,4.6364
12/24/2018,7452.99,4.639
12/27/2018,7443.58,4.6599
12/28/2018,7415.91,4.6622
12/31/2018,7383.68,4.654
1/3/2019,7471.1,4.6622
1/4/2019,7665.19,4.6623
1/7/2019,7683.07,4.6627
1/8/2019,7484.7,4.6686
1/9/2019,7451.23,4.6733
1/10/2019,7390.87,4.6789
1/11/2019,7240.73,4.6846
1/14/2019,6934.35,4.6797
1/15/2019,7060.24,4.6814
1/16/2019,7077.1,4.6882
1/17/2019,7184.84,4.6945
1/18/2019,7201.43,4.7043
1/21/2019,7159.24,4.7112
1/22/2019,7193.28,4.768
1/23/2019,7141.56,4.7675
1/25/2019,7053.67,4.7618
1/28/2019,7005.96,4.7751
1/29/2019,6948.96,4.762
1/30/2019,7043.64,4.7487
1/31/2019,6950.84,4.7362
2/1/2019,7030.47,4.7538
2/4/2019,7294.19,4.7537
2/5/2019,7407.54,4.7425
2/6/2019,7442.73,4.7399
2/7/2019,7533.85,4.7447
2/8/2019,7556.53,4.7478
2/11/2019,7371.61,4.7427
2/12/2019,7523.83,4.7482
2/13/2019,7678.92,4.742
2/14/2019,7642.1,4.7395
2/15/2019,7657.08,4.7406
2/18/2019,7764.01,4.7463
2/19/2019,7728.3,4.7475
2/20/2019,7749.2,4.7534
2/21/2019,7856.01,4.7618
2/22/2019,7766.87,4.7599
2/25/2019,7772.07,4.7652
2/26/2019,7775.17,4.7633
2/27/2019,7668.8,4.7413
2/28/2019,7675.21,4.7461
3/1/2019,7663.49,4.7451
3/4/2019,7803.75,4.7398
3/5/2019,7914.44,4.747
3/6/2019,7917.9,4.7445
3/7/2019,7868.03,4.7427
3/8/2019,7844.33,4.7462
3/11/2019,7935.54,4.7491
3/12/2019,7905.62,4.7767
3/13/2019,7857.52,4.7754
3/14/2019,7858.18,4.7638
3/15/2019,7861.83,4.7578
3/18/2019,7883.39,4.7557
3/19/2019,7947.65,4.7618
3/20/2019,8018.97,4.7554
3/21/2019,8047.89,4.7564
3/22/2019,8031.5,4.7545
3/25/2019,7954.29,4.7552
3/26/2019,8044.12,4.7535
3/27/2019,8120.74,4.7592
3/28/2019,8094.87,4.7659
3/29/2019,8045.38,4.7743
4/1/2019,8143.1,4.7635
4/2/2019,8145.46,4.7592
4/3/2019,8156.05,4.7545
4/4/2019,8169.66,4.7472
4/5/2019,8202.21,4.7516
4/8/2019,8248.4,4.7505
4/9/2019,8301.4,4.758
4/10/2019,8304.9,4.7568
4/11/2019,8328.02,4.7548
4/12/2019,8267.38,4.7588
4/15/2019,8271.75,4.7597
4/16/2019,8247.58,4.7598
4/17/2019,8271.64,4.7635
4/18/2019,8279.83,4.7603
4/19/2019,8351.3,4.7576
4/22/2019,8402.88,4.757
4/23/2019,8358.28,4.7595
4/24/2019,8370.14,4.7583
4/25/2019,8416.03,4.758
4/30/2019,8441.95,4.7582
5/2/2019,8450.07,4.7583
5/3/2019,8443.43,4.7525
5/6/2019,8380.61,4.755
5/7/2019,8419.18,4.7573
5/8/2019,8370.72,4.7571
5/9/2019,8298.17,4.7608
5/10/2019,8304.58,4.7592
5/13/2019,8164.57,4.761
5/14/2019,8135.82,4.7602
5/15/2019,8174.16,4.762
5/16/2019,8212.27,4.7628
5/17/2019,8223.72,4.7613
5/20/2019,8205.08,4.7603
5/21/2019,8152.63,4.7653
5/22/2019,8116.3,4.7625
5/23/2019,8109.89,4.7605
5/24/2019,8189.13,4.7608
5/27/2019,8242.22,4.7611
5/28/2019,8500.84,4.7621
5/29/2019,8476.39,4.7598
5/30/2019,8403.12,4.753
5/31/2019,8493.13,4.7468
6/3/2019,8582.23,4.7322
6/4/2019,8472.73,4.7318
6/5/2019,8615.37,4.7209
6/6/2019,8623.03,4.722
6/7/2019,8575.77,4.7177
6/10/2019,8583.26,4.7174
6/11/2019,8633.12,4.7206
6/12/2019,8591.06,4.7238
6/13/2019,8477.19,4.7186
6/14/2019,8504.24,4.7241
6/18/2019,8525.82,4.7212
6/19/2019,8582.84,4.7296
6/20/2019,8672.34,4.7153
6/21/2019,8746.18,4.7252
6/24/2019,8625.92,4.7215
6/25/2019,8594.9,4.7185
6/26/2019,8649.8,4.7193
6/27/2019,8749.34,4.7235
6/28/2019,8814.27,4.7292
7/1/2019,8797.06,4.7311
7/2/2019,8773.99,4.7344
7/3/2019,8845.25,4.7176
7/4/2019,8917.19,4.7158
7/5/2019,8967.08,4.7231
7/8/2019,8877.53,4.7228
7/9/2019,8908.81,4.7282
7/10/2019,8887.39,4.7325
7/11/2019,9024.03,4.7327
7/12/2019,9091.29,4.7316
7/15/2019,9145.28,4.7314
7/16/2019,9126.5,4.73
7/17/2019,9091.28,4.7309
7/18/2019,9056.4,4.731
7/19/2019,9087.58,4.7268
7/22/2019,9049.5,4.7223
7/23/2019,9065.4,4.721
7/24/2019,8923.44,4.72
7/25/2019,8968.9,4.725
7/26/2019,8961.46,4.7235
7/29/2019,8998.36,4.7293
7/30/2019,8995.4,4.7318
7/31/2019,9204.15,4.7295
8/1/2019,9120.11,4.7371
8/2/2019,9068.9,4.7285
8/5/2019,9016.57,4.731
8/6/2019,9047.79,4.7288
8/7/2019,9064.84,4.7285
8/8/2019,9121.2,4.7234
8/9/2019,9146.51,4.7248
8/12/2019,9100.65,4.7233
8/13/2019,9115.8,4.7202
8/14/2019,9052.1,4.7198
8/16/2019,9035.27,4.7285
8/19/2019,9073.32,4.7303
8/20/2019,9060.27,4.7283
8/21/2019,9144.33,4.7233
8/22/2019,9119.36,4.7218
8/23/2019,9095,4.7215
8/26/2019,9044.48,4.7274
8/27/2019,9258.55,4.7334
8/28/2019,9245.95,4.7271
8/29/2019,9241.52,4.7265
8/30/2019,9235.72,4.7268
9/2/2019,9259.73,4.7235
9/3/2019,9245.71,4.7283
9/4/2019,9262.37,4.7277
9/5/2019,9251.48,4.7303
9/6/2019,9245.3,4.732
9/9/2019,9234.57,4.7292
9/10/2019,9229.37,4.7316
9/11/2019,9228.59,4.7362
9/12/2019,9221.69,4.7351
9/13/2019,9231.85,4.7342
9/16/2019,9289.26,4.7341
9/17/2019,9265.94,4.7338
9/18/2019,9313.44,4.7431
9/19/2019,9358.82,4.7449
9/20/2019,9441.69,4.7505
9/23/2019,9542.83,4.7493
9/24/2019,9483.43,4.7508
9/25/2019,9502.48,4.7466
9/26/2019,9528.24,4.749
9/27/2019,9603.38,4.7545
9/30/2019,9574.37,4.7445
10/1/2019,9552.68,4.7488
10/2/2019,9425.2,4.7465
10/3/2019,9429.07,4.7484
10/4/2019,9441.52,4.747
10/7/2019,9546.33,4.7468
10/8/2019,9487.05,4.7503
10/9/2019,9514.48,4.7492
10/10/2019,9479.5,4.762
10/11/2019,9528.71,4.754
10/14/2019,9517.82,4.7537
10/15/2019,9545.34,4.7552
10/16/2019,9510.94,4.7541
10/17/2019,9558.18,4.7538
10/18/2019,9539.91,4.7563
10/21/2019,9580.63,4.7587
10/22/2019,9623.42,4.7611
10/23/2019,9619.19,4.7549
10/24/2019,9621.88,4.7568
10/25/2019,9677.61,4.7539
10/28/2019,9681.8,4.7552
10/29/2019,9713.66,4.757
10/30/2019,9646.87,4.7587
10/31/2019,9518.89,4.7557
11/1/2019,9607.67,4.7538
11/4/2019,9650.99,4.7536
11/5/2019,9678.05,4.7566
11/6/2019,9687.66,4.7609
11/7/2019,9680.24,4.7594
11/8/2019,9689.61,4.7633
11/11/2019,9720.79,4.764
11/12/2019,9692.81,4.7635
11/13/2019,9729.44,4.7638
11/14/2019,9692.17,4.7669
11/15/2019,9692.51,4.7699
11/18/2019,9724.93,4.7751
11/19/2019,9706.24,4.7761
11/20/2019,9732.22,4.783
11/21/2019,9713.16,4.7782
11/22/2019,9718.49,4.7765
11/25/2019,9772.01,4.7735
11/26/2019,9797.21,4.7807
11/27/2019,9875.75,4.8043
11/28/2019,9869.45,4.7933
11/29/2019,9886.93,4.7825
12/2/2019,9903.07,4.776
12/3/2019,9879.22,4.7769
12/4/2019,9948.09,4.7773
12/5/2019,9961.05,4.78
12/6/2019,9977.47,4.7794
12/9/2019,9937.67,4.7796
12/10/2019,9878.67,4.78
12/11/2019,9810.25,4.7813
12/12/2019,9779.39,4.7809
12/13/2019,9880.42,4.7783
12/16/2019,9966.11,4.7726
12/17/2019,9887.91,4.779
12/18/2019,9907.25,4.7723
12/19/2019,9889.74,4.7648
12/20/2019,9885.56,4.7748
12/23/2019,9877.96,4.7804
12/27/2019,9948.53,4.7852
12/30/2019,9977.3,4.7848
1/3/2020,9921.59,4.7714
1/6/2020,9865.83,4.7768
1/7/2020,9885.48,4.7795
1/8/2020,9856.93,4.7775
1/9/2020,9939.58,4.7795
1/10/2020,9952.83,4.7796
1/13/2020,10023.95,4.7783
1/14/2020,10035.47,4.781
1/15/2020,10082,4.78
1/16/2020,10074.8,4.7787
1/17/2020,10087.42,4.7788
1/20/2020,10095.26,4.7788
1/21/2020,10096.29,4.7783
1/22/2020,10131.77,4.7795
1/23/2020,10219.75,4.7807
1/27/2020,10105.37,4.7792
1/28/2020,10091.08,4.7778
1/29/2020,10050.7,4.7801
1/30/2020,9949.55,4.7768
1/31/2020,10027.88,4.7816
2/3/2020,9958.13,4.7778
2/4/2020,9965.56,4.7778
2/5/2020,10035.73,4.7651
2/6/2020,10107.38,4.7575
2/7/2020,10025.59,4.761
2/10/2020,10012.3,4.7667
2/11/2020,10006.05,4.7699
2/12/2020,10000.18,4.7663
2/13/2020,10095.99,4.7656
2/14/2020,10099.82,4.7688
2/17/2020,10108.05,4.7786
2/18/2020,10138.11,4.7775
2/19/2020,10204.97,4.7795
2/20/2020,10144.16,4.7959
2/21/2020,10097.21,4.7975
2/24/2020,9849.05,4.8052
2/25/2020,9779.14,4.8083
2/26/2020,9704.82,4.8077
2/27/2020,9562.63,4.8043
2/28/2020,9121.27,4.8148
3/2/2020,9452.51,4.8093
3/3/2020,9693.05,4.8088
3/4/2020,9766.69,4.8052
3/5/2020,9594.01,4.8103
3/6/2020,9445.03,4.8123
3/9/2020,8733.96,4.8208
3/10/2020,8722.11,4.8219
3/11/2020,8381.47,4.8198
3/12/2020,7950.02,4.8248
3/13/2020,7882.19,4.8544
3/16/2020,7126.73,4.8402
3/17/2020,7561.99,4.8493
3/18/2020,7292.72,4.8663
3/19/2020,7384.75,4.8506
3/20/2020,7347.75,4.8496
3/23/2020,7038.95,4.851
3/24/2020,7472.17,4.8393
3/25/2020,7621,4.8345
3/26/2020,7622.75,4.8352
3/27/2020,7528.93,4.8373
3/30/2020,7483.17,4.8305
3/31/2020,7625.38,4.834
4/1/2020,7425.44,4.8285
4/2/2020,7548.64,4.8323
4/3/2020,7525.6,4.8307
4/6/2020,7706.49,4.8315
4/7/2020,8020.15,4.8338
4/8/2020,8000.1,4.8331
4/9/2020,8129.5,4.8315
4/10/2020,8349.93,4.8333
4/13/2020,8302.45,4.831
4/14/2020,8296.19,4.8333
4/15/2020,7964.04,4.8333
4/16/2020,7935.06,4.8388
4/21/2020,7721.93,4.8395
4/22/2020,7843.37,4.8418
4/23/2020,7921.89,4.8421
4/24/2020,7917.72,4.837
4/27/2020,8019.11,4.842
4/28/2020,8191.09,4.8439
4/29/2020,8274.76,4.8431
4/30/2020,7978.64,4.839
5/4/2020,7992.41,4.8286
5/5/2020,8090.58,4.8249
5/6/2020,8106.93,4.8238
5/7/2020,8192.2,4.8273
5/8/2020,8381.2,4.8283
5/11/2020,8406.04,4.828
5/12/2020,8408.11,4.8305
5/13/2020,8229.08,4.835
5/14/2020,8143.54,4.8411
5/15/2020,8174.1,4.8413
5/18/2020,8298.02,4.8407
5/19/2020,8383.11,4.841
5/20/2020,8419.75,4.8426
5/21/2020,8582.18,4.8409
5/22/2020,8592.48,4.8413
5/25/2020,8688.36,4.8417
5/26/2020,8705.75,4.8435
5/27/2020,8732.22,4.8429
5/28/2020,8768.8,4.8426
5/29/2020,8701.29,4.8457
6/2/2020,8814.37,4.8301
6/3/2020,8981.8,4.8299
6/4/2020,9021.6,4.8382
6/5/2020,8848.75,4.8375
6/9/2020,8813.53,4.8292
6/10/2020,8830.41,4.8338
6/11/2020,8527.32,4.8347
6/12/2020,8731.99,4.8345
6/15/2020,8532.77,4.8356
6/16/2020,8719.25,4.837
6/17/2020,8695.98,4.8341
6/18/2020,8707.9,4.8409
6/19/2020,8707.34,4.843
6/22/2020,8683.52,4.8422
6/23/2020,8707.79,4.8428
6/24/2020,8643.63,4.8403
6/25/2020,8559.14,4.8397
6/26/2020,8603.86,4.8426
6/29/2020,8626.28,4.8438
6/30/2020,8659.55,4.8374
7/1/2020,8689.67,4.8451
7/2/2020,8662.95,4.8345
7/3/2020,8668.05,4.8354
7/6/2020,8595.51,4.8389
7/7/2020,8523.47,4.8387
7/8/2020,8531.26,4.8401
7/9/2020,8544.73,4.8394
7/10/2020,8443.65,4.8417
7/13/2020,8470.52,4.8439
7/14/2020,8416.87,4.8433
7/15/2020,8439.27,4.8435
7/16/2020,8426.66,4.8433
7/17/2020,8511.8,4.842
7/20/2020,8489.21,4.841
7/21/2020,8561.75,4.8406
7/22/2020,8583.4,4.8355
7/23/2020,8572.01,4.8335
7/24/2020,8551.29,4.8307
7/27/2020,8586.12,4.8296
7/28/2020,8613.48,4.8327
7/29/2020,8576.36,4.8339
7/30/2020,8434.93,4.8302
7/31/2020,8377.89,4.8323
8/3/2020,8431.74,4.8324
8/4/2020,8493.41,4.8332
8/5/2020,8559.45,4.8327
8/6/2020,8586.78,4.837
8/7/2020,8572.86,4.8378
8/10/2020,8620.18,4.8346
8/11/2020,8745.68,4.8345
8/12/2020,8777.3,4.8345
8/13/2020,8764.47,4.8335
8/14/2020,8733.63,4.835
8/17/2020,8711.13,4.8328
8/18/2020,8714.73,4.8371
8/19/2020,8687.24,4.8415
8/20/2020,8702.02,4.8394
8/21/2020,8725.12,4.8406
8/24/2020,8737.14,4.8397
8/25/2020,8785.18,4.8408
8/26/2020,8835.85,4.8406
8/27/2020,8874.51,4.8397
8/28/2020,8850.68,4.8397
8/31/2020,8997.28,4.8386
9/1/2020,9009.43,4.841
9/2/2020,9010.36,4.8437
9/3/2020,9055.33,4.848
9/4/2020,8993.8,4.8539
9/7/2020,9064.65,4.8539
9/8/2020,9114.02,4.8573
9/9/2020,9082.08,4.8573
9/10/2020,9159,4.8585
9/11/2020,9301.73,4.8578
9/14/2020,9368.12,4.8568
9/15/2020,9401.96,4.8581
9/16/2020,9232.9,4.8582
9/17/2020,9210.62,4.859
9/18/2020,9115.88,4.8569
9/21/2020,8891.59,4.8585
9/22/2020,9019.56,4.8611
9/23/2020,9110.46,4.8706
9/24/2020,9030.78,4.8782
9/25/2020,8961.59,4.8748
9/28/2020,9010.3,4.8733
9/29/2020,9008.04,4.8698
9/30/2020,9007.2,4.8739
10/1/2020,9000.43,4.8743
10/2/2020,8879.96,4.8695
10/5/2020,8869.35,4.8756
10/6/2020,8885.36,4.8742
10/7/2020,8869.71,4.8745
10/8/2020,8875.47,4.872
10/9/2020,8841.21,4.871
10/12/2020,8887.41,4.8725
10/13/2020,8877.11,4.8755
10/14/2020,8880.06,4.8759
10/15/2020,8777.72,4.8755
10/16/2020,8874.99,4.8763
10/19/2020,8872.04,4.876
10/20/2020,8821.24,4.8752
10/21/2020,8804.34,4.8748
10/22/2020,8756.94,4.874
10/23/2020,8795.07,4.872
10/26/2020,8750.75,4.8732
10/27/2020,8784.14,4.8756
10/28/2020,8668.45,4.8761
10/29/2020,8555.65,4.8745
10/30/2020,8510.37,4.8642
11/2/2020,8566.02,4.866
11/3/2020,8701.4,4.865
11/4/2020,8774.67,4.8663
11/5/2020,8845.3,4.8655
11/6/2020,8808.33,4.8665
11/9/2020,9129.64,4.8632
11/10/2020,9065.88,4.8665
11/11/2020,9050.07,4.8665
11/12/2020,8977.75,4.8671
11/13/2020,8910.13,4.8685
11/16/2020,8906.97,4.8717
11/17/2020,8854.2,4.8725
11/18/2020,8936.25,4.8735
11/19/2020,8986.26,4.8731
11/20/2020,9069.28,4.8684
11/23/2020,9173.76,4.8736
11/24/2020,9327.75,4.8715
11/25/2020,9244.19,4.8724
11/26/2020,9252.68,4.8735
11/27/2020,9286.11,4.8735
12/2/2020,9375.08,4.8712
12/3/2020,9486.1,4.8728
12/4/2020,9550.57,4.8703
12/7/2020,9493.39,4.8733
12/8/2020,9469.56,4.8712
12/9/2020,9532.93,4.8667
12/10/2020,9553.28,4.8698
12/11/2020,9521.16,4.8699
12/14/2020,9573.01,4.8672
12/15/2020,9575.82,4.8686
12/16/2020,9633.35,4.8696
12/17/2020,9650.92,4.8681
12/18/2020,9660.04,4.867
12/21/2020,9587.61,4.8637
12/22/2020,9642.66,4.869
12/23/2020,9685.26,4.872
12/28/2020,9718.49,4.8748
12/29/2020,9738.51,4.8753
12/30/2020,9805.6,4.868
1/4/2021,9843.6,4.8703
1/5/2021,9826.75,4.8708
1/6/2021,9925.01,4.8703
1/7/2021,9988.89,4.8696
1/8/2021,10144.77,4.8696
1/11/2021,10073.41,4.871
1/12/2021,10171.42,4.873
1/13/2021,10272,4.8723
1/14/2021,10309.15,4.873
1/15/2021,10210.81,4.8748
1/18/2021,10183.99,4.8742
1/19/2021,10242.51,4.874
1/20/2021,10214.06,4.874
1/21/2021,10313.38,4.8745
1/22/2021,10335.95,4.8752
1/25/2021,10321.38,4.8742
1/26/2021,10341.02,4.8758
1/27/2021,10322.04,4.8778
1/28/2021,10307.95,4.8779
1/29/2021,10306.47,4.874
2/1/2021,10392.06,4.876
2/2/2021,10390.8,4.8692
2/3/2021,10390.68,4.8745
2/4/2021,10504.65,4.875
2/5/2021,10614.85,4.875
2/8/2021,10677.87,4.875
2/9/2021,10688.45,4.8753
2/10/2021,10577.65,4.8748
2/11/2021,10553.67,4.8755
2/12/2021,10492.21,4.875
2/15/2021,10500.7,4.8746
2/16/2021,10535.5,4.875
2/17/2021,10426.14,4.875
2/18/2021,10416.48,4.8755
2/19/2021,10345.95,4.8762
2/22/2021,10260.09,4.8759
2/23/2021,10231.45,4.8744
2/24/2021,10188.98,4.874
2/25/2021,10279.82,4.875
2/26/2021,10201.85,4.8755
3/1/2021,10230.37,4.8754
3/2/2021,10215.96,4.876
3/3/2021,10250.34,4.8767
3/4/2021,10340.8,4.8805
3/5/2021,10499.87,4.8815
3/8/2021,10566.4,4.8869
3/9/2021,10612.92,4.8855
3/10/2021,10595.79,4.8875
3/11/2021,10723.45,4.8833
3/12/2021,10742.75,4.8842
3/15/2021,10783.89,4.885
3/16/2021,10844.45,4.8857
3/17/2021,10810.53,4.8867
3/18/2021,10846.64,4.8858
3/19/2021,10874.42,4.8835
3/22/2021,10882.98,4.889
3/23/2021,10864.39,4.8889
3/24/2021,10851.6,4.8873
3/25/2021,10949.06,4.8841
3/26/2021,10961.65,4.8868
3/29/2021,10970.96,4.9128
3/30/2021,11097.03,4.9204
3/31/2021,11189.6,4.9206
4/1/2021,11335.48,4.9121
4/2/2021,11302.27,4.9213
4/5/2021,11273.23,4.9146
4/6/2021,11245,4.9139
4/7/2021,11243.97,4.9188
4/8/2021,11206.79,4.921
4/9/2021,11242.28,4.921
4/12/2021,11224.08,4.9212
4/13/2021,11158.52,4.922
4/14/2021,11133.46,4.9266
4/15/2021,11120.99,4.9263
4/16/2021,11147.32,4.925
4/19/2021,11103.96,4.9255
4/20/2021,11137.75,4.9279
4/21/2021,11093.29,4.9258
4/22/2021,11129.98,4.9267
4/23/2021,11212.82,4.9231
4/26/2021,11213.75,4.924
4/27/2021,11324.71,4.929
4/28/2021,11398.47,4.9278
4/29/2021,11342.04,4.9268
5/4/2021,11462.3,4.928
5/5/2021,11560.75,4.9262
5/6/2021,11505.08,4.9262
5/7/2021,11591.48,4.9259
5/10/2021,11669.02,4.9269
5/11/2021,11695.86,4.9273
5/12/2021,11763.07,4.928
5/13/2021,11616.88,4.927
5/14/2021,11593.49,4.9253
5/17/2021,11600.63,4.926
5/18/2021,11642.16,4.9266
5/19/2021,11607.74,4.9276
5/20/2021,11624.83,4.9281
5/21/2021,11679.65,4.9269
5/24/2021,11730.52,4.926
5/25/2021,11636.43,4.9243
5/26/2021,11605.8,4.9172
5/27/2021,11304.51,4.9172
5/28/2021,11421.04,4.9198
5/31/2021,11431.12,4.9176
6/2/2021,11582.46,4.9216
6/3/2021,11604.44,4.9225
6/4/2021,11517.63,4.9231
6/7/2021,11264.75,4.9231
6/8/2021,11317.4,4.9234
6/9/2021,11359.13,4.9223
6/10/2021,11365.47,4.9214
6/11/2021,11520.46,4.919
6/14/2021,11568.09,4.9219
6/15/2021,11614.88,4.9235
6/16/2021,11596.38,4.924
6/17/2021,11657.26,4.9247
6/18/2021,11608.18,4.9269
6/22/2021,11409.11,4.9258
6/23/2021,11592.74,4.9254
6/24/2021,11686.38,4.9243
6/25/2021,11875.16,4.929
6/28/2021,11967.28,4.9278
6/29/2021,11909.36,4.9274
6/30/2021,11873.03,4.9275
7/1/2021,11937.05,4.9273
7/2/2021,11830.9,4.9281
7/5/2021,11895.89,4.9261
7/6/2021,11964.85,4.9261
7/7/2021,11933.74,4.9278
7/8/2021,11874.66,4.9287
7/9/2021,11870.9,4.9279
7/12/2021,11967.8,4.9275
7/13/2021,12006.24,4.9285
7/14/2021,12055.03,4.9288
7/15/2021,12025,4.929
7/16/2021,12026.8,4.9282
7/19/2021,11845.54,4.9263
7/20/2021,11859.92,4.9258
7/21/2021,11913.24,4.9247
7/22/2021,11902.93,4.9232
7/23/2021,11908.69,4.9225
7/26/2021,11964.2,4.9174
7/27/2021,11887.9,4.9178
7/28/2021,11809.43,4.9207
7/29/2021,11874.76,4.9201
7/30/2021,11848.61,4.915
8/2/2021,11859,4.9183
8/3/2021,11811.33,4.9186
8/4/2021,11802.49,4.9179
8/5/2021,11763.47,4.9139
8/6/2021,11828.27,4.9128
8/9/2021,11896.46,4.9135
8/10/2021,12047.24,4.9148
8/11/2021,12101.23,4.914
8/12/2021,12116.93,4.911
8/13/2021,12136.73,4.9109
8/16/2021,12141.13,4.9168
8/17/2021,12125.1,4.925
8/18/2021,12138.17,4.9244
8/19/2021,12054.64,4.932
8/20/2021,12085.6,4.9358
8/23/2021,12167.22,4.9294
8/24/2021,12199.46,4.9302
8/25/2021,12274.7,4.9288
8/26/2021,12317.06,4.9344
8/27/2021,12389.58,4.9356
8/30/2021,12463.67,4.936
8/31/2021,12177.31,4.9344
9/1/2021,12302.26,4.9354
9/2/2021,12255.27,4.9392
9/3/2021,12313.36,4.9442
9/6/2021,12356.75,4.948
9/7/2021,12341.58,4.9501
9/8/2021,12346.71,4.9455
9/9/2021,12430.31,4.9443
9/10/2021,12402.43,4.9434
9/13/2021,12327.58,4.9479
9/14/2021,12374.08,4.9484
9/15/2021,12288.12,4.948
9/16/2021,12265.25,4.9479
9/17/2021,12315.77,4.9467
9/20/2021,12220.99,4.9491
9/21/2021,12356.9,4.9483
9/22/2021,12301.14,4.9505
9/23/2021,12395.28,4.9507
9/24/2021,12440.96,4.9502
9/27/2021,12510.26,4.949
9/28/2021,12522.92,4.9511
9/29/2021,12615.46,4.946
9/30/2021,12645.1,4.9488
10/1/2021,12633.19,4.9452
10/4/2021,12611.18,4.9533
10/5/2021,12613.43,4.9446
10/6/2021,12633.72,4.9462
10/7/2021,12743.6,4.9475
10/8/2021,12817.57,4.9486
10/11/2021,12801.95,4.9503
10/12/2021,12738.3,4.9506
10/13/2021,12745.39,4.9495
10/14/2021,12727.4,4.9497
10/15/2021,12711.06,4.9486
10/18/2021,12669.78,4.9483
10/19/2021,12668.55,4.9488
10/20/2021,12750.3,4.9455
10/21/2021,12751.15,4.9465
10/22/2021,12812.97,4.9465
10/25/2021,12807.55,4.9478
10/26/2021,12735.36,4.9471
10/27/2021,12748.97,4.9494
10/28/2021,12795.26,4.949
10/29/2021,12605.09,4.9488
11/1/2021,12714.7,4.9492
11/2/2021,12726.37,4.9506
11/3/2021,12825.46,4.9495
11/4/2021,12884.3,4.9497
11/5/2021,12874.81,4.9482
11/8/2021,12860.05,4.9485
11/9/2021,12847.75,4.949
11/10/2021,12779.74,4.9485
11/11/2021,12782.64,4.9457
11/12/2021,12833.4,4.9485
11/15/2021,12832.89,4.95
11/16/2021,12828.21,4.9483
11/17/2021,12763.4,4.9492
11/18/2021,12752.02,4.9495
11/19/2021,12559.61,4.9497
11/22/2021,12623.61,4.9498
11/23/2021,12473.42,4.9492
11/24/2021,12536.25,4.9495
11/25/2021,12607.3,4.949
11/26/2021,12177.22,4.95
11/29/2021,12195.61,4.9516
12/2/2021,12207.91,4.9502
12/3/2021,12379.5,4.949
12/6/2021,12448.01,4.9486
12/7/2021,12519.27,4.9472
12/8/2021,12598.44,4.949
12/9/2021,12587.69,4.9492
12/10/2021,12531.45,4.9493
12/13/2021,12410.65,4.9494
12/14/2021,12316.84,4.9497
12/15/2021,12203.83,4.9497
12/16/2021,12402.76,4.9498
12/17/2021,12478.1,4.9501
12/20/2021,12390.61,4.949
12/21/2021,12349.32,4.9486
12/22/2021,12478.43,4.9501
12/23/2021,12591.82,4.9498
12/27/2021,12808.74,4.9498
12/28/2021,13015.33,4.9499
12/29/2021,13068.03,4.951
12/30/2021,13061.32,4.9496
1/3/2022,13057.22,4.9489
1/4/2022,13141.85,4.9475
1/5/2022,13187.28,4.9458
1/6/2022,13112.56,4.9428
1/7/2022,13156.95,4.9433
1/10/2022,13223.78,4.9451
1/11/2022,13274.84,4.9448
1/12/2022,13447.48,4.9437
1/13/2022,13455.47,4.9437
1/14/2022,13681.92,4.9437
1/17/2022,13481.57,4.9443
1/18/2022,13284.79,4.9443
1/19/2022,13128.23,4.9452
1/20/2022,13136.96,4.9454
1/21/2022,12838.37,4.9452
1/25/2022,12732.61,4.945
1/26/2022,13018.82,4.9441
1/27/2022,13019.57,4.9467
1/28/2022,13100.12,4.9458
1/31/2022,13190.07,4.9459
2/1/2022,13412.72,4.9464
2/2/2022,13446.64,4.9455
2/3/2022,13396.47,4.9471
2/4/2022,13386.16,4.9458
2/7/2022,13376.56,4.9454
2/8/2022,13370.53,4.9447
2/9/2022,13397.25,4.9423
2/10/2022,13439.12,4.9437
2/11/2022,13373.88,4.9475
2/14/2022,13104.7,4.9442
2/15/2022,13386.43,4.937
2/16/2022,13321.69,4.9419
2/17/2022,13139.68,4.9413
2/18/2022,13187.59,4.9445
2/21/2022,12977.85,4.9453
2/22/2022,13007.09,4.9445
2/23/2022,13202.52,4.9467
2/24/2022,12663.78,4.9491
2/25/2022,12891.69,4.9482
2/28/2022,12716.51,4.9481
3/1/2022,12482.78,4.9468
3/2/2022,12084.28,4.9477
3/3/2022,12040.01,4.9487
3/4/2022,11395.6,4.9504
3/7/2022,10964.17,4.9485
3/8/2022,11208.12,4.9494
3/9/2022,11982.26,4.9482
3/10/2022,11921.85,4.9489
3/11/2022,12075.13,4.9488
3/14/2022,12330.48,4.9486
3/15/2022,12317.26,4.9479
3/16/2022,12404.9,4.9431
3/17/2022,12480.13,4.9471
3/18/2022,12685.01,4.9467
3/21/2022,12690.95,4.9459
3/22/2022,12739.12,4.9436
3/23/2022,12467.69,4.9468
3/24/2022,12470.6,4.9487
3/25/2022,12412.43,4.9488
3/28/2022,12457.13,4.9479
3/29/2022,12768.6,4.9468
3/30/2022,12726.17,4.9477
3/31/2022,12712.06,4.9423
4/1/2022,12779.79,4.9425
4/4/2022,12848.36,4.9428
4/5/2022,12849.04,4.9428
4/6/2022,12726.48,4.9403
4/7/2022,12621.67,4.9415
4/8/2022,12715.96,4.9422
4/11/2022,12702.63,4.9403
4/12/2022,12618.36,4.9395
4/13/2022,12709.66,4.9421
4/14/2022,12845.83,4.9407
4/15/2022,13003.05,4.9413
4/18/2022,13068.6,4.939
4/19/2022,12988.58,4.9417
4/20/2022,12995.05,4.9438
4/21/2022,13004.37,4.9442
4/26/2022,12679.29,4.9461
4/27/2022,12721.42,4.9483
4/28/2022,12769.93,4.9485
4/29/2022,12723.23,4.947
5/2/2022,12626.94,4.9469
5/3/2022,12570.07,4.947
5/4/2022,12445.7,4.9464
5/5/2022,12453.52,4.9483
5/6/2022,12269.64,4.9459
5/9/2022,12224.84,4.9468
5/10/2022,12188.03,4.9468
5/11/2022,12230.73,4.9475
5/12/2022,12062.72,4.9472
5/13/2022,12133.16,4.9444
5/16/2022,12098.92,4.9472
5/17/2022,12054.81,4.9479
5/18/2022,12093.12,4.9473
5/19/2022,11975.77,4.9476
5/20/2022,12045.95,4.9478
5/23/2022,12182.33,4.9456
5/24/2022,12253.17,4.9431
5/25/2022,12206.59,4.9411
5/26/2022,12323.91,4.9404
5/27/2022,12391.31,4.9429
5/30/2022,12460.05,4.9449
5/31/2022,12509.77,4.9429
6/2/2022,12380.64,4.942
6/3/2022,12263.31,4.9428
6/6/2022,12368.4,4.9426
6/7/2022,12441.32,4.9443
6/8/2022,12455.69,4.9438
6/9/2022,12480,4.9433
6/10/2022,12354.35,4.9426
6/14/2022,12064.94,4.944
6/15/2022,12075.98,4.9421
6/16/2022,12065.95,4.9467
6/17/2022,12142.91,4.9445
6/20/2022,12325.8,4.9454
6/21/2022,12377.09,4.9468
6/22/2022,12300.72,4.9466
6/23/2022,12251.33,4.947
6/24/2022,12432.8,4.944
6/27/2022,12537.44,4.9443
6/28/2022,12570.66,4.9442
6/29/2022,12516.82,4.9427
6/30/2022,12294.26,4.9456
7/1/2022,12375.32,4.9462
7/4/2022,12368.83,4.9443
7/5/2022,12209.92,4.9441
7/6/2022,12286.03,4.9432
7/7/2022,12299.42,4.9434
7/8/2022,12252.06,4.9421
7/11/2022,12188.84,4.9409
7/12/2022,12194.99,4.9433
7/13/2022,12021.99,4.9393
7/14/2022,11918.04,4.9417
7/15/2022,12033.4,4.9395
7/18/2022,12111.89,4.9386
7/19/2022,12073.84,4.9405
7/20/2022,12091.49,4.938
7/21/2022,12151.07,4.936
7/22/2022,12229.55,4.9317
7/25/2022,12251.73,4.9322
7/26/2022,12244.4,4.9317
7/27/2022,12384.02,4.9282
7/28/2022,12487.48,4.9337
7/29/2022,12460.07,4.9292
8/1/2022,12528.55,4.9233
8/2/2022,12444.99,4.9261
8/3/2022,12476.59,4.9247
8/4/2022,12563.31,4.9272
8/5/2022,12577.79,4.9257
8/8/2022,12579.95,4.9024
8/9/2022,12588.91,4.9025
8/10/2022,12424.57,4.906
8/11/2022,12570.35,4.8988
8/12/2022,12631.92,4.8828
8/16/2022,12648.65,4.8815
8/17/2022,12583.24,4.881
8/18/2022,12676.95,4.879
8/19/2022,12647.66,4.8809
8/22/2022,12457.73,4.8809
8/23/2022,12345.45,4.866
8/24/2022,12306.58,4.8619
8/25/2022,12297.24,4.8694
8/26/2022,12337.04,4.8663
8/29/2022,12190.46,4.8655
8/30/2022,12184.82,4.8654
8/31/2022,12058.08,4.8435
9/1/2022,11867.68,4.8393
9/2/2022,11838.41,4.8196
9/5/2022,11993.36,4.8256
9/6/2022,12055.22,4.845
9/7/2022,11928.73,4.8586
9/8/2022,11894.18,4.881
9/9/2022,11876.73,4.8984
9/12/2022,11881.08,4.9111
9/13/2022,11924.88,4.9225
9/14/2022,11836.38,4.9254
9/15/2022,11805.5,4.9235
9/16/2022,11753.71,4.9213
9/19/2022,11444.88,4.932
9/20/2022,11472.45,4.9433
9/21/2022,11293.35,4.9437
9/22/2022,11185.17,4.9427
9/23/2022,10898.37,4.941
9/26/2022,10622.15,4.941
9/27/2022,10773.48,4.9669
9/28/2022,10669.33,4.946
9/29/2022,10549.44,4.9492
9/30/2022,10639.41,4.9488
10/3/2022,10803.16,4.9488
10/4/2022,10994.22,4.9402
10/5/2022,10966.71,4.9346
10/6/2022,10943.69,4.9388
10/7/2022,10908.72,4.9353
10/10/2022,10865.61,4.9372
10/11/2022,10664.99,4.9385
10/12/2022,10644.37,4.939
10/13/2022,10546.34,4.937
10/14/2022,10670.83,4.9339
10/17/2022,10786.7,4.937
10/18/2022,10953.44,4.9323
10/19/2022,10803.07,4.9198
10/20/2022,10845.05,4.9179
10/21/2022,10875.61,4.9132
10/24/2022,10827.84,4.9113
10/25/2022,10879.55,4.9012
10/26/2022,10805.82,4.8675
10/27/2022,10799.78,4.8976
10/28/2022,10835.92,4.9216
10/31/2022,10802.67,4.91
11/1/2022,10834.9,4.9063
11/2/2022,10875.83,4.9054
11/3/2022,10829.82,4.9007
11/4/2022,10890.38,4.8886
11/7/2022,11023.13,4.8888
11/8/2022,11233.07,4.8986
11/9/2022,11257.25,4.8936
11/10/2022,11397.81,4.8795
11/11/2022,11509.09,4.894
11/14/2022,11625.07,4.905
11/15/2022,11656.53,4.9226
11/16/2022,11651.83,4.9205
11/17/2022,11718.48,4.929
11/18/2022,11681.25,4.9377
11/21/2022,11690.03,4.939
11/22/2022,11559.06,4.9342
11/23/2022,11563.5,4.9338
11/24/2022,11575.78,4.9216
11/25/2022,11569.94,4.9195
11/28/2022,11530.21,4.9172
11/29/2022,11730.66,4.9185
12/2/2022,11924.7,4.9243
12/5/2022,12119.15,4.9168
12/6/2022,12306.27,4.9143
12/7/2022,12228.85,4.9163
12/8/2022,12152.46,4.9189
12/9/2022,12252.98,4.9231
12/12/2022,12206.4,4.9289
12/13/2022,12107.95,4.9264
12/14/2022,11931.6,4.9235
12/15/2022,11914.53,4.9222
12/16/2022,11962.97,4.9166
12/19/2022,12100.72,4.9087
12/20/2022,12199.83,4.9074
12/21/2022,12261.02,4.894
12/22/2022,12162.53,4.8982
12/23/2022,12147.12,4.9093
12/27/2022,12182.86,4.9256
12/28/2022,11729.05,4.9438
12/29/2022,11616.55,4.9502
12/30/2022,11663.53,4.9431
1/3/2023,12013.54,4.9337
1/4/2023,12065.04,4.9283
1/5/2023,12169.44,4.927
1/6/2023,12135.06,4.9285
1/9/2023,12286.92,4.9291
1/10/2023,12244.17,4.9342
1/11/2023,12331.86,4.9419
1/12/2023,12356.03,4.9425
1/13/2023,12227.35,4.9456
1/16/2023,11970.98,4.9317
1/17/2023,11959.91,4.9338
1/18/2023,12077.21,4.937
1/19/2023,12090.52,4.9223
1/20/2023,12075.72,4.9231
1/23/2023,12179.49,4.9134
1/25/2023,12182.86,4.8974
1/26/2023,12228.21,4.8763
1/27/2023,12185.79,4.8991
1/30/2023,12123.71,4.913
1/31/2023,12139.42,4.9186
2/1/2023,12168.16,4.9085
2/2/2023,12260.18,4.9026
2/3/2023,12275.89,4.8916
2/6/2023,12284.63,4.8968
2/7/2023,12339.29,4.8967
2/8/2023,12244.99,4.8968
2/9/2023,12230.72,4.8908
2/10/2023,12251.01,4.899
2/13/2023,12336.14,4.8994
2/14/2023,12284.39,4.8991
2/15/2023,12386.34,4.9001
2/16/2023,12364.21,4.8989
2/17/2023,12317.06,4.9118
2/20/2023,12354.51,4.9168
2/21/2023,12346.62,4.9204
2/22/2023,12283.63,4.9164
2/23/2023,12335.78,4.9142
2/24/2023,12323.74,4.9205
2/27/2023,12307.51,4.9236
2/28/2023,12310.44,4.9255
3/1/2023,12314.14,4.9198
3/2/2023,12367.14,4.923
3/3/2023,12393.06,4.9249
3/6/2023,12482.55,4.9191
3/7/2023,12432.08,4.9185
3/8/2023,12411.1,4.9117
3/9/2023,12472.32,4.9133
3/10/2023,12354.76,4.9151
3/13/2023,12255.19,4.9196
3/14/2023,12421.84,4.9197
3/15/2023,12215.86,4.9175
3/16/2023,12190.82,4.9207
3/17/2023,12227.12,4.9226
3/20/2023,12053.59,4.9228
3/21/2023,12086.31,4.924
3/22/2023,12042.03,4.9185
3/23/2023,12082.45,4.9248
3/24/2023,11989.9,4.9297
3/27/2023,12095.63,4.9423
3/28/2023,12137.95,4.9509
3/29/2023,12053.45,4.9547
3/30/2023,12041.5,4.9511
3/31/2023,12111.5,4.9481
4/3/2023,12232.26,4.938
4/4/2023,12293.6,4.9319
4/5/2023,12334.75,4.9336
4/6/2023,12332.67,4.9375
4/7/2023,12363.4,4.9344
4/10/2023,12425.29,4.9309
4/11/2023,12446.02,4.9371
4/12/2023,12434.43,4.939
4/13/2023,12459.85,4.9377
4/18/2023,12497.96,4.9362
4/19/2023,12467.08,4.9295
4/20/2023,12425.83,4.9328
4/21/2023,12396.7,4.9333
4/24/2023,12438.71,4.9333
4/25/2023,12450.96,4.9367
4/26/2023,12380.17,4.941
4/27/2023,12318.55,4.9383
4/28/2023,12267.59,4.929
5/2/2023,12298.69,4.9318
5/3/2023,12247.86,4.9285
5/4/2023,12158.77,4.9282
5/5/2023,12185.92,4.9268
5/8/2023,12228.71,4.9225
5/9/2023,12181.07,4.9198
5/10/2023,12176.46,4.925
5/11/2023,12136.91,4.9293
5/12/2023,12039.62,4.9289
5/15/2023,12039.54,4.94
5/16/2023,12147.52,4.9492
5/17/2023,12235.98,4.9615
5/18/2023,12248.65,4.9737
5/19/2023,12290.04,4.9783
5/22/2023,12277.34,4.9718
5/23/2023,12312.87,4.9741
5/24/2023,12266.61,4.9629
5/25/2023,12183.68,4.9513
5/26/2023,12289.3,4.9593
5/29/2023,12297.28,4.9613
5/30/2023,12285.1,4.9687
5/31/2023,12229.51,4.9666
6/2/2023,12133.87,4.9649
6/6/2023,12163.01,4.9601
6/7/2023,12178.04,4.9601
6/8/2023,12249.96,4.9539
6/9/2023,12251.01,4.9555
6/12/2023,12187.24,4.9566
6/13/2023,12006.24,4.9623
6/14/2023,12049.05,4.9551
6/15/2023,12045.19,4.961
6/16/2023,12266.68,4.9585
6/19/2023,12349.67,4.9615
6/20/2023,12275.79,4.9643
6/21/2023,12205.72,4.963
6/22/2023,12109.19,4.9641
6/23/2023,11998.9,4.9555
6/26/2023,11956.95,4.9558
6/27/2023,12089.9,4.9605
6/28/2023,12283.73,4.9622
6/29/2023,12568.33,4.9645
6/30/2023,12483.34,4.9583
7/3/2023,12542.09,4.9514
7/4/2023,12560.63,4.9528
7/5/2023,12834.76,4.9506
7/6/2023,12659.58,4.9528
7/7/2023,12639.57,4.948
7/10/2023,12617.01,4.9481
7/11/2023,12814.18,4.9498
7/12/2023,12997.2,4.9472
7/13/2023,12964.56,4.9367
7/14/2023,13061.38,4.9369
7/17/2023,13081.16,4.9412
7/18/2023,13156.96,4.9421
7/19/2023,13219.32,4.9381
7/20/2023,13288.96,4.9324
7/21/2023,13230.24,4.933
7/24/2023,13118.39,4.9186
7/25/2023,13183.95,4.9258
7/26/2023,13123.85,4.9251
7/27/2023,13229.13,4.9292
7/28/2023,13244.23,4.9345
7/31/2023,13227.1,4.9319
8/1/2023,13373.91,4.932
8/2/2023,13333.96,4.935
8/3/2023,13133.79,4.9486
8/4/2023,13111.25,4.9454
8/7/2023,13126.15,4.9505
8/8/2023,13079.92,4.9492
8/9/2023,13000.36,4.946
8/10/2023,13039.5,4.9427
8/11/2023,13072.33,4.9385
8/14/2023,13067.87,4.9409
8/16/2023,12983.12,4.9361
8/17/2023,12833.57,4.9436
8/18/2023,12716.35,4.9453
8/21/2023,12891.69,4.9385
8/22/2023,12930.06,4.9377
8/23/2023,13012.7,4.9383
8/24/2023,13097.05,4.9393
8/25/2023,13026.12,4.9366
8/28/2023,13104.8,4.9411
8/29/2023,13201.09,4.9407
8/30/2023,13257.6,4.9405
8/31/2023,13256.21,4.9411
9/1/2023,13285.48,4.9492
9/4/2023,13354.11,4.9462
9/5/2023,13214.22,4.9563
9/6/2023,13476.21,4.9618
9/7/2023,13661.42,4.9651
9/8/2023,13800.96,4.9628
9/11/2023,13987.44,4.9623
9/12/2023,14094.91,4.9736
9/13/2023,14089.54,4.9689
9/14/2023,14136.06,4.9701
9/15/2023,14133.31,4.9696
9/18/2023,14178.66,4.969
9/19/2023,14322.77,4.9701
9/20/2023,14466.1,4.9705
9/21/2023,14378.45,4.9708
9/22/2023,14413.59,4.9682
9/25/2023,14435.35,4.9685
9/26/2023,14244.72,4.9722
9/27/2023,14109.9,4.9752
9/28/2023,14214.4,4.9742
9/29/2023,14337.52,4.9739
10/2/2023,14368.36,4.974
10/3/2023,14359.46,4.9755
10/4/2023,14128.4,4.975
10/5/2023,14040.13,4.9692
10/6/2023,14023.21,4.9665
10/9/2023,13896.56,4.9647
10/10/2023,14085.09,4.9657
10/11/2023,14204.86,4.9611
10/12/2023,14261.13,4.9625
10/13/2023,14277.69,4.9664
10/16/2023,14192.56,4.9648
10/17/2023,14117.46,4.9687
10/18/2023,14190.12,4.9713
10/19/2023,14168.77,4.9732
10/20/2023,13994.21,4.9738
10/23/2023,14039.47,4.9701
10/24/2023,14175.64,4.9642
10/25/2023,14211.21,4.9617
10/26/2023,14217.14,4.9664
10/27/2023,14257.84,4.9643
10/30/2023,14281.45,4.9639
10/31/2023,14218.42,4.9667
11/1/2023,14170.24,4.9686
11/2/2023,14313.21,4.9678
11/3/2023,14464.8,4.97
11/6/2023,14576.97,4.9688
11/7/2023,14635.77,4.9677
11/8/2023,14542.76,4.9669
11/9/2023,14534.53,4.9675
11/10/2023,14532.12,4.9722
11/13/2023,14616.64,4.9731
11/14/2023,14664.16,4.9719
11/15/2023,14651.26,4.9677
11/16/2023,14699.82,4.9708
11/17/2023,14692.8,4.9707
11/20/2023,14661.61,4.9715
11/21/2023,14736.56,4.9695
11/22/2023,14730.8,4.9714
11/23/2023,14690.64,4.9701
11/24/2023,14690.3,4.9691
11/27/2023,14665.6,4.9728
11/28/2023,14687.5,4.9718
11/29/2023,14712.11,4.972
12/4/2023,14776.31,4.9676
12/5/2023,14833.18,4.9644
12/6/2023,14820.81,4.9669
12/7/2023,14832.83,4.9682
12/8/2023,15033.96,4.9692
12/11/2023,15079.01,4.9726
12/12/2023,15141.12,4.9738
12/13/2023,15191.31,4.9677
12/14/2023,15284.66,4.972
12/15/2023,15409.17,4.9688
12/18/2023,15472.07,4.9715
12/19/2023,15531.23,4.9714
12/20/2023,15396.21,4.9699
12/21/2023,15172.05,4.9703
12/22/2023,15285.36,4.9716
12/27/2023,15315.66,4.9753
12/28/2023,15285.85,4.968
12/29/2023,15371.11,4.9727
1/3/2024,15231.29,4.972
1/4/2024,15355.08,4.9745
1/5/2024,15338.36,4.9735
1/8/2024,15468.65,4.9726
1/9/2024,15610.27,4.9724
1/10/2024,15682.37,4.9725
1/11/2024,15732.52,4.9723
1/12/2024,15776.45,4.9728
1/15/2024,15803.32,4.974
1/16/2024,15780.71,4.9766
1/17/2024,15563.64,4.9761
1/18/2024,15555.4,4.9766
1/19/2024,15617.64,4.9767
1/22/2024,15492.47,4.9771
1/23/2024,15234.98,4.9771
1/25/2024,15138.28,4.9769
1/26/2024,15126.22,4.9765
1/29/2024,15141.09,4.9774
1/30/2024,15376.62,4.9772
1/31/2024,15512.12,4.9757
2/1/2024,15621.43,4.9715
2/2/2024,15640.73,4.9739
2/5/2024,15697.3,4.9749
2/6/2024,15694.24,4.9765
2/7/2024,15726.44,4.9759
2/8/2024,15721.62,4.977
2/9/2024,15695.88,4.9771
2/12/2024,15741.87,4.9761
2/13/2024,15675.54,4.9762
2/14/2024,15693.33,4.976
2/15/2024,15657.02,4.9771
2/16/2024,15718.39,4.9773
2/19/2024,15790.52,4.9774
2/20/2024,15715.6,4.9754
2/21/2024,15888.48,4.977
2/22/2024,16013.66,4.9765
2/23/2024,15926.46,4.9749
2/26/2024,16011.7,4.972
2/27/2024,15818.35,4.9669
2/28/2024,15874.35,4.9679
2/29/2024,15891.07,4.9694
3/1/2024,16009.52,4.9684
3/4/2024,16129.36,4.9726
3/5/2024,16204.68,4.9719
3/6/2024,16239.24,4.9708
3/7/2024,16228.56,4.9696
3/8/2024,16298.59,4.9674
3/11/2024,16241.58,4.9668
3/12/2024,16232.1,4.9666
3/13/2024,16230.92,4.9704
3/14/2024,16295.44,4.9716
3/15/2024,16246.54,4.9716
3/18/2024,16347.25,4.9729
3/19/2024,16369.18,4.9743
3/20/2024,16481.29,4.9723
3/21/2024,16601.85,4.9729
3/22/2024,16754.73,4.9723
3/25/2024,16702.44,4.9708
3/26/2024,16781.47,4.9689
3/27/2024,16830.02,4.9739
3/28/2024,16928.98,4.9696
3/29/2024,17025.61,4.9693
4/1/2024,17027.05,4.9702
4/2/2024,17022.84,4.9697
4/3/2024,17044.36,4.9693
4/4/2024,17072.07,4.9686
4/5/2024,17152.91,4.9673
4/8/2024,17251.45,4.9681
4/9/2024,17209.48,4.9687
4/10/2024,17199.85,4.9698
4/11/2024,17013.16,4.9719
4/12/2024,16882.42,4.9727
4/15/2024,16908.2,4.9754
4/16/2024,16811.2,4.9759
4/17/2024,16919.27,4.9754
4/18/2024,16883.08,4.976
4/19/2024,16838.36,4.9761
4/22/2024,16879.46,4.9757
4/23/2024,16864.29,4.9766
4/24/2024,16947.98,4.976
4/25/2024,16971.24,4.9765
4/26/2024,16992.22,4.9766
4/29/2024,17120.96,4.976
4/30/2024,17060.94,4.9764
5/2/2024,17220.62,4.9764
5/7/2024,17244.57,4.9768
5/8/2024,17161.64,4.9758
5/9/2024,17244.72,4.9749
5/10/2024,17292.08,4.977
5/13/2024,17316.45,4.9762
5/14/2024,17290.47,4.976
5/15/2024,17291.92,4.974
5/16/2024,17190.17,4.9747
5/17/2024,17362.79,4.9749
5/20/2024,17495.92,4.9744
5/21/2024,17448.12,4.9739
5/22/2024,17494.47,4.9755
5/23/2024,17435.31,4.9748
5/24/2024,17680.5,4.976
5/27/2024,17780.92,4.9765
5/28/2024,17933.12,4.9753
5/29/2024,17764.07,4.9769
5/30/2024,17562.27,4.9767
5/31/2024,17588.48,4.9766
6/3/2024,17588.19,4.9753
6/4/2024,17699.42,4.9741
6/5/2024,17891.78,4.9763
6/6/2024,18174.01,4.9768
6/7/2024,18076.69,4.9762
6/10/2024,17872.46,4.9768
6/11/2024,17725.07,4.9778
6/12/2024,17788.71,4.9798
6/13/2024,17861.11,4.977
6/14/2024,17703.59,4.9767
6/17/2024,17879.99,4.9766
6/18/2024,18020.52,4.9755
6/19/2024,17945.67,4.9766
6/20/2024,18042.59,4.9766
6/21/2024,18234.81,4.977
6/25/2024,18271.27,4.9761
6/26/2024,18279.1,4.9771
6/27/2024,18057.78,4.9773
6/28/2024,18244.75,4.9762
7/1/2024,18177.5,4.9767
7/2/2024,18229.27,4.977
7/3/2024,18257.2,4.9774
7/4/2024,18385.28,4.9767
7/5/2024,18442.43,4.9756
7/8/2024,18445.68,4.974
7/9/2024,18334.03,4.9728
7/10/2024,18432.82,4.9736
7/11/2024,18513.5,4.9744
7/12/2024,18507.05,4.9703
7/15/2024,18546.14,4.9681
7/16/2024,18577.54,4.9678
7/17/2024,18621.52,4.9699
7/18/2024,18749.46,4.9694
7/19/2024,18662.07,4.9717
7/22/2024,18588.28,4.9723
7/23/2024,18696.86,4.972
7/24/2024,18715.59,4.9705
7/25/2024,18448.45,4.969
7/26/2024,18562.57,4.971
7/29/2024,18513.49,4.9742
7/30/2024,18534.75,4.9758
7/31/2024,18629.74,4.9763
8/1/2024,18625.39,4.9758
8/2/2024,18425.81,4.9759
8/5/2024,17757.68,4.9766
8/6/2024,17872.67,4.9773
8/7/2024,17997.77,4.9765
8/8/2024,17880.22,4.9774
8/9/2024,17818.68,4.9768
8/12/2024,17998.59,4.9767
8/13/2024,18057.12,4.976
8/14/2024,18019.21,4.9765
8/16/2024,18138.95,4.9755
8/19/2024,18191.96,4.9785
8/20/2024,18310.22,4.9768
8/21/2024,18399.41,4.9768
8/22/2024,18427.1,4.9765
8/23/2024,18431.63,4.9766
8/26/2024,18452.97,4.9772
8/27/2024,18330.81,4.9782
8/28/2024,18270.37,4.9769
8/29/2024,18235.55,4.9777
8/30/2024,18148.46,4.9765
9/2/2024,18111.37,4.9752
9/3/2024,18111.09,4.9725
9/4/2024,18008.23,4.9713
9/5/2024,17728.02,4.972
9/6/2024,17388.74,4.972
9/9/2024,17477.86,4.9738
9/10/2024,17472.79,4.9739
9/11/2024,17329.67,4.9737
9/12/2024,17327.43,4.9743
9/13/2024,17388.35,4.9741
9/16/2024,17532.29,4.9739
9/17/2024,17507.85,4.9741
9/18/2024,17479.72,4.9749
9/19/2024,17629.06,4.974
9/20/2024,17633.89,4.9661
9/23/2024,17601.71,4.9748
9/24/2024,17644.15,4.9755
9/25/2024,17690.32,4.9757
9/26/2024,17583.13,4.9755
9/27/2024,17685.61,4.9765
9/30/2024,17616.92,4.9762
10/1/2024,17568.14,4.9759
10/2/2024,17443.67,4.9764
10/3/2024,17389.22,4.9767
10/4/2024,17459.75,4.9779
10/7/2024,17748.15,4.9776
10/8/2024,17520.32,4.9774
10/9/2024,17656.26,4.9755
10/10/2024,17629.32,4.9758
10/11/2024,17727.84,4.9741
10/14/2024,17593.76,4.9746
10/15/2024,17507.68,4.9763
10/16/2024,17485.07,4.9762
10/17/2024,17445.58,4.9747
10/18/2024,17405.74,4.973
10/21/2024,17441.39,4.9738
10/22/2024,17337.55,4.9737
10/23/2024,17442.24,4.9739
10/24/2024,17445.16,4.9732
10/25/2024,17473.73,4.9738
10/28/2024,17372.05,4.9743
10/29/2024,17504.24,4.9748
10/30/2024,17461.5,4.9748
10/31/2024,17439.09,4.9749
11/1/2024,17470.35,4.9735
11/4/2024,17209.02,4.9756
11/5/2024,17236.29,4.9751
11/6/2024,17281.07,4.975
11/7/2024,17347.27,4.9761
11/8/2024,17374.51,4.9753
11/11/2024,17519.99,4.9762
11/12/2024,17677.85,4.9762
11/13/2024,17681.47,4.9763
11/14/2024,17674.07,4.9762
11/15/2024,17638.19,4.9766
11/18/2024,17423.52,4.9762
11/19/2024,17143.34,4.9766
11/20/2024,17194.06,4.9765
11/21/2024,17302.9,4.9766
11/22/2024,17134.54,4.9766
11/25/2024,16982.34,4.9768
11/26/2024,16985.64,4.9768
11/27/2024,16971.55,4.9765
11/28/2024,16663.28,4.9772
11/29/2024,16344.77,4.9766
12/2/2024,16447.31,4.9773
12/3/2024,16060.28,4.9771
12/4/2024,16297.5,4.977
12/5/2024,16170.13,4.9776
12/6/2024,16650.41,4.97
12/9/2024,17010.32,4.972
12/10/2024,17177.7,4.9703
12/11/2024,17394.91,4.9671
12/12/2024,17387.77,4.9712
12/13/2024,17432.02,4.9742
12/16/2024,17250.96,4.9755
12/17/2024,17155.99,4.9752
12/18/2024,16760.96,4.9745
12/19/2024,16424.98,4.9759
12/20/2024,16728.81,4.9757
12/23/2024,16857.73,4.9761
12/27/2024,16924.44,4.9765
12/30/2024,16720.75,4.9755
1/3/2025,17031.7,4.9745
1/8/2025,17118.38,4.9718
1/9/2025,17093.32,4.973
1/10/2025,17052.6,4.9762
1/13/2025,16978.18,4.973
1/14/2025,17069.8,4.9749
1/15/2025,16997.37,4.9747
1/16/2025,17015.45,4.9757
1/17/2025,16927.96,4.9764
1/20/2025,16913.68,4.9769
1/21/2025,16926.62,4.9768
1/22/2025,17028.46,4.976
1/23/2025,17062.2,4.9758
1/27/2025,16977.69,4.9747
1/28/2025,17030.21,4.9747
1/29/2025,17004.88,4.9732
1/30/2025,17013.03,4.976
1/31/2025,16999.7,4.975
2/3/2025,16965.91,4.9766
2/4/2025,16965.31,4.9767
2/5/2025,17080.62,4.976
2/6/2025,17141.27,4.9764
2/7/2025,17063.55,4.9757
2/10/2025,17137.72,4.9768
2/11/2025,17221.78,4.977
2/12/2025,17321.87,4.977
2/13/2025,17530.06,4.9769
